meta_id,genus,species,mom_cnt,mom_newborn_pct,newborn_cnt,four_month_pct,four_month_cnt,yr_pct,yr_cnt
MS00323,Staphylococcus,Staphylococcus_warneri/Staphylococcus_epidermidis/Staphylococcus_caprae/Staphylococcus_hominis/Staphylococcus_haemolyticus/Staphylococcus_capitis,5,0.6000,61,0.2951,22,0.0909,11
MS00055,Bacteroides,Bacteroides_vulgatus/Bacteroides_dorei,83,0.6627,55,0.8727,55,0.9455,68
MS00335,Streptococcus,Streptococcus_sanguinis/Streptococcus_oralis/Streptococcus_mitis,12,0.8333,54,0.8148,70,0.1429,11
MS00059,Bifidobacterium,Bifidobacterium_longum,78,0.6667,53,0.9434,76,0.7105,59
MS00158,Escherichia/Shigella,Escherichia_coli/Shigella_sonnei/Shigella_boydii/Shigella_dysenteriae/Shigella_flexneri,66,0.7424,52,0.9808,74,0.7027,57
MS00346,Streptococcus,Streptococcus_vestibularis/Streptococcus_salivarius,75,0.6133,49,0.7143,57,0.5789,48
MS00179,Gemella,Gemella_moribillum/Gemella_haemolysans/Gemella_sanguinis,20,0.7000,47,0.5957,43,0.4884,38
MS00344,Streptococcus,Streptococcus_parasanguinis,64,0.6094,45,0.4889,41,0.4634,38
MS00157,Escherichia,Escherichia_albertii,8,0.6250,44,0.5455,39,0.1795,12
MS00302,Rothia,Rothia_mucilaginosa,37,0.4865,43,0.4651,40,0.4500,29
MS00049,Bacteroides,Bacteroides_ovatus/Bacteroides_xylanisolvens,83,0.4819,40,0.8250,43,0.9767,67
MS00324,Staphylococcus,Staphylococcus_saprophyticus/Staphylococcus_lugdunensis/Staphylococcus_aureus,7,0.5714,40,0.5750,46,0.2174,13
MS00349,Streptococcus,Streptococcus_thermophilus/Streptococcus_infantis/Streptococcus_peroris,71,0.4648,40,0.8750,72,0.5000,42
MS00053,Bacteroides,Bacteroides_uniformis,83,0.4578,38,0.8421,47,0.8936,60
MS00245,Parabacteroides/Bacteroides,Parabacteroides_distasonis,79,0.4684,38,0.9211,46,0.8913,58
MS00113,Collinsella,Collinsella_aerofaciens,74,0.4595,37,0.8919,51,0.7255,51
MS00328,Streptococcus,Streptococcus_infantis,22,0.3636,37,0.5405,44,0.4318,29
MS00060,Bifidobacterium,Bifidobacterium_pseudocatenulatum/Bifidobacterium_catenulatum,65,0.4769,33,0.6970,35,0.5714,31
MS00061,Bifidobacterium,Bifidobacterium_adolescentis,73,0.4110,31,0.7419,38,0.7895,39
MS00149,Enterococcus,Enterococcus_faecalis,20,0.6000,30,0.8000,44,0.1136,5
MS00347,Streptococcus,Streptococcus_pneumoniae/Streptococcus_pseudopneumoniae,0,0.0000,28,0.5357,46,0.0435,5
MS00062,Bifidobacterium,Bifidobacterium_bifidum,80,0.3125,25,0.9200,39,0.8462,60
MS00334,Streptococcus,Streptococcus_australis,42,0.3095,25,0.4000,32,0.8750,74
MS00037,Bacteroides,Bacteroides_caccae,74,0.3243,24,0.7500,28,0.8214,40
MS00054,Bacteroides,Bacteroides_fragilis2,70,0.3429,24,0.7917,32,1.0000,47
MS00244,Parabacteroides,Parabacteroides_johnsonii/Parabacteroides_merdae,72,0.3194,24,0.7500,30,0.6000,25
MS00156,Escherichia,Escherichia_fergusonii,10,0.4000,23,0.3043,14,0.1429,4
MS00052,Bacteroides,Bacteroides_thetaiotaomicron,80,0.2500,21,0.7143,25,0.8800,42
MS00111,Clostridium,Clostridium_botulinum/Clostridium_beijerinckii/Clostridium_butyricum,61,0.2787,21,0.3333,31,0.8710,73
MS00305,Ruminococcus,Ruminococcus_gnavus,83,0.2410,20,0.8000,39,1.0000,83
MS00087,Clostridium,Clostridium_bartlettii,79,0.2405,19,0.1053,16,0.9375,75
MS00287,Propionibacterium,Propionibacterium_acnes,0,0.0000,19,0.4211,13,0.0000,1
MS00038,Bacteroides,Bacteroides_stercoris,59,0.2542,17,0.5882,20,0.9000,29
MS00138,Eggerthella,Eggerthella_lenta,75,0.2267,17,0.7647,55,0.9273,72
MS00182,Haemophilus,Haemophilus_parainfluenzae,38,0.2368,17,0.4118,40,0.7500,57
MS00050,Bacteroides,Bacteroides_intestinalis/Bacteroides_cellulosilyticus,63,0.2381,16,0.5625,13,0.7692,27
MS00065,Bilophila,Bilophila_wadsworthia,77,0.2078,16,0.7500,23,0.7391,28
MS00358,Veillonella,Veillonella_dispar/Veillonella_parvula,45,0.1778,15,0.8667,61,0.8525,72
MS00051,Bacteroides,Bacteroides_eggerthii,49,0.2653,14,0.4286,11,0.5455,17
MS00056,Bifidobacterium,Bifidobacterium_breve,25,0.4000,14,0.8571,48,0.5625,34
MS00353,Sutterella,Sutterella_wadsworthensis,49,0.2857,14,0.8571,18,0.8889,27
MS00100,Clostridium,Clostridium_HGF2,78,0.1667,13,0.2308,24,0.7917,66
MS00036,Bacteroides,Bacteroides_finegoldii,56,0.1964,12,0.7500,9,0.8889,21
MS00343,Streptococcus,Streptococcus_anginosus,37,0.1351,12,0.1667,11,0.0000,5
MS00084,Citrobacter,Citrobacter_30_2,17,0.3529,11,0.5455,20,0.1000,11
MS00350,Streptococcus,Streptococcus_agalactiae,0,0.0000,11,0.3636,5,0.0000,0
MS00164,Eubacterium,Eubacterium_ventriosum,83,0.1205,10,0.5000,17,0.9412,65
MS00356,Veillonella,Veillonella_oral_taxon_780_F0422,0,0.0000,10,0.0000,2,0.0000,0
MS00106,Clostridium/Coprobacillus,Clostridium_ramosum,22,0.2727,9,0.7778,34,0.9118,77
MS00114,Collinsella,Collinsella_stercoris/Collinsella_intestinalis,27,0.2963,9,0.2222,8,0.5000,10
MS00214,Lactobacillus,Lactobacillus_johnsonii/Lactobacillus_gasseri,12,0.1667,9,0.3333,18,0.1667,3
MS00306,Ruminococcus,Ruminococcus_5_1_39BFAA,83,0.1084,9,0.6667,22,0.9545,74
MS00041,Bacteroides,Bacteroides_clarus,28,0.2143,7,0.1429,2,0.5000,5
MS00161,Eubacterium,Eubacterium_biforme,82,0.0854,7,0.5714,8,0.2500,39
MS00180,Granulicatella,Granulicatella_adiacens,28,0.1429,7,0.5714,27,0.5185,49
MS00184,Haemophilus,Haemophilus_aegyptius/Haemophilus_influenzae/Haemophilus_haemolyticus,2,0.0000,7,0.1429,20,0.6000,28
MS00191,Klebsiella,Klebsiella_pneumoniae/Klebsiella_variicola,5,0.8000,7,0.5714,21,0.3333,13
MS00210,Lactobacillus,Lactobacillus_rhamnosus,13,0.0769,7,1.0000,44,0.0682,7
MS00276,Prevotella,Prevotella_copri,23,0.1739,7,0.5714,8,0.8750,12
MS00342,Streptococcus,Streptococcus_urinalis/Streptococcus_parauberis,0,0.0000,7,0.0000,2,0.0000,0
MS00045,Bacteroides,Bacteroides_fragilis1,38,0.1579,6,0.5000,4,1.0000,13
MS00058,Bifidobacterium,Bifidobacterium_angulatum,13,0.1538,6,0.6667,11,0.1818,6
MS00097,Clostridium,Clostridium_L2_50,83,0.0723,6,0.5000,10,1.0000,59
MS00140,Enterobacter,Enterobacter_cloacae,3,0.3333,6,0.5000,13,0.3846,14
MS00170,Finegoldia,Finegoldia_magna,15,0.0000,6,0.1667,19,0.3158,19
MS00181,Granulicatella,Granulicatella_elegans,1,0.0000,6,0.3333,27,0.1111,14
MS00026,Anaerococcus,Anaerococcus_prevotii,4,0.0000,5,0.0000,3,0.0000,1
MS00063,Bifidobacterium,Bifidobacterium_dentium,20,0.2000,5,1.0000,14,0.3571,13
MS00072,Butyrivibrio,Butyrivibrio_crossotus,78,0.0641,5,0.6000,4,0.7500,39
MS00086,Clostridium,Clostridium_bolteae,79,0.0633,5,0.6000,24,1.0000,77
MS00098,Clostridium,Clostridium_spiroforme,48,0.1042,5,0.4000,4,0.5000,41
MS00177,Gardnerella,Gardnerella_vaginalis,10,0.1000,5,0.6000,8,0.0000,0
MS00238,Neisseria,Neisseria_mucosa/Neisseria_subflava/Neisseria_flavescens,2,0.5000,5,0.0000,3,0.3333,8
MS00266,Prevotella,Prevotella_bivia,26,0.0000,5,0.6000,28,0.5000,28
MS00301,Roseburia,Roseburia_inulinivorans,83,0.0602,5,0.6000,11,1.0000,68
MS00013,Actinomyces,Actinomyces_odontolyticus,60,0.0500,4,0.5000,60,0.5667,47
MS00028,Anaerococcus,Anaerococcus_vaginalis,21,0.0476,4,0.2500,26,0.3846,26
MS00042,Bacteroides,Bacteroides_coprophilus,21,0.1905,4,0.7500,8,0.8750,10
MS00066,Blautia,Blautia_hansenii,83,0.0482,4,0.5000,8,1.0000,66
MS00091,Clostridium,Clostridium_leptum,81,0.0494,4,0.5000,9,0.7778,26
MS00099,Clostridium,Clostridium_SS2_1/Lachnospiraceae_bacterium_5_1_63FAA,83,0.0482,4,0.7500,5,1.0000,60
MS00112,Clostridium,Clostridium_perfringens,2,0.0000,4,0.5000,14,0.1429,5
MS00118,Coprococcus,Coprococcus_comes,83,0.0482,4,0.5000,6,1.0000,54
MS00144,Enterobacter,Enterobacter_hormaechei/Enterobacter_cancerogenus,25,0.0800,4,0.5000,13,0.5385,42
MS00166,Eubacterium,Eubacterium_siraeum,64,0.0469,4,0.5000,3,0.6667,12
MS00168,Faecalibacterium,Faecalibacterium_prausnitzii1,83,0.0482,4,0.7500,6,1.0000,67
MS00178,Gardnerella,Gardnerella_vaginalis,4,0.2500,4,0.0000,2,0.0000,0
MS00204,Lactobacillus,Lactobacillus_iners,9,0.1111,4,0.0000,0,0.0000,0
MS00235,Neisseria,Neisseria_cinerea,0,0.0000,4,0.0000,1,0.0000,2
MS00239,Odoribacter,Odoribacter_splanchnicus,77,0.0519,4,0.5000,13,0.5385,15
MS00357,Veillonella,Veillonella_atypica,13,0.0000,4,0.2500,36,0.6667,38
MS00001,Acidaminococcus,Acidaminococcus_D21,24,0.0833,3,1.0000,7,0.4286,9
MS00010,Actinomyces,Actinomyces_urogenitalis,3,0.3333,3,0.6667,23,0.0435,2
MS00030,Anaerococcus,Anaerococcus_hydrogenalis,3,0.0000,3,0.0000,8,0.1250,2
MS00039,Bacteroides,Bacteroides_coprocola,20,0.1500,3,0.6667,3,1.0000,10
MS00047,Bacteroides,Bacteroides_plebeius,41,0.0732,3,0.6667,6,0.5000,9
MS00082,Citrobacter,Citrobacter_youngae,1,0.0000,3,0.0000,6,0.0000,8
MS00088,Clostridium,Clostridium_asparagiforme,82,0.0366,3,0.0000,4,0.7500,53
MS00096,Clostridium,Clostridium_nexile,83,0.0361,3,0.6667,16,1.0000,75
MS00142,Enterobacter,Enterobacter_aerogenes,2,0.5000,3,0.3333,5,0.0000,1
MS00148,Enterococcus,Enterococcus_faecium,2,0.5000,3,0.3333,12,0.0000,7
MS00167,Faecalibacterium,Faecalibacterium_cf,83,0.0361,3,0.6667,7,1.0000,63
MS00194,Lachnospiraceae,Lachnospiraceae_bacterium_1_4_56FAA,77,0.0390,3,0.0000,1,1.0000,41
MS00203,Lactobacillus,Lactobacillus_helveticus/Lactobacillus_ultunensis/Lactobacillus_acidophilus/Lactobacillus_crispatus,18,0.1111,3,0.0000,1,0.0000,4
MS00208,Lactobacillus,Lactobacillus_plantarum,10,0.0000,3,0.0000,1,0.0000,2
MS00247,Parasutterella,Parasutterella_excrementihominis,60,0.0500,3,0.3333,1,1.0000,21
MS00258,Peptostreptococcus,Peptostreptococcus_anaerobius,24,0.0833,3,0.6667,17,0.1176,12
MS00307,Ruminococcus,Ruminococcus_torques,83,0.0361,3,0.3333,8,1.0000,62
MS00310,Ruminococcus,Ruminococcus_obeum,83,0.0361,3,0.3333,7,0.7143,57
MS00326,Streptococcus,Streptococcus_dysgalactiae,1,1.0000,3,0.6667,4,0.0000,0
MS00338,Streptococcus,Streptococcus_porcinus/Streptococcus_pseudoporcinus,3,0.0000,3,0.0000,3,0.0000,0
MS00006,Actinobacillus,Actinobacillus_ureae,0,0.0000,2,0.0000,0,0.0000,2
MS00009,Actinobacillus,Actinobacillus_minor,0,0.0000,2,0.0000,0,0.0000,0
MS00019,Aggregatibacter,Aggregatibacter_segnis,1,0.0000,2,0.0000,3,0.0000,16
MS00020,Aggregatibacter,Aggregatibacter_aphrophilus,1,0.0000,2,0.0000,0,0.0000,9
MS00022,Akkermansia,Akkermansia_muciniphila,42,0.0476,2,0.5000,4,1.0000,29
MS00024,Alistipes,Alistipes_HGB5,80,0.0250,2,0.5000,6,0.8333,26
MS00027,Anaerococcus,Anaerococcus_lactolyticus,7,0.0000,2,0.5000,7,0.1429,4
MS00071,Bryantella,Bryantella_formatexigens,61,0.0328,2,0.5000,3,0.3333,17
MS00078,Capnocytophaga/Paraprevotella,Paraprevotella_xylaniphila,30,0.0667,2,0.5000,3,0.6667,7
MS00081,Citrobacter,Citrobacter_koseri,1,0.0000,2,1.0000,5,0.2000,3
MS00094,Clostridium,Clostridium_M62_1,83,0.0241,2,0.0000,3,1.0000,66
MS00095,Clostridium,Clostridium_hathewayi,66,0.0303,2,0.5000,5,0.6000,31
MS00108,Clostridium,Clostridium_difficile,41,0.0244,2,0.5000,12,0.6667,53
MS00109,Clostridium,Clostridium_symbiosum,83,0.0241,2,0.5000,9,1.0000,75
MS00127,Dialister,Dialister_invisus,80,0.0250,2,0.5000,2,0.5000,38
MS00134,Dorea,Dorea_formicigenerans,83,0.0241,2,0.5000,10,0.9000,58
MS00150,Enterococcus,Enterococcus_casseliflavus,3,0.3333,2,0.5000,18,0.1667,12
MS00160,Eubacterium,Eubacterium_eligens,80,0.0250,2,0.5000,4,0.7500,46
MS00165,Eubacterium,Eubacterium_rectale,83,0.0241,2,0.5000,2,1.0000,37
MS00169,Faecalibacterium,Faecalibacterium_prausnitzii2,83,0.0241,2,0.5000,6,1.0000,72
MS00187,Holdemania,Holdemania_filiformis,83,0.0241,2,0.0000,2,0.5000,23
MS00202,Lactobacillus,Lactobacillus_vaginalis,4,0.0000,2,0.5000,2,0.0000,0
MS00209,Lactobacillus,Lactobacillus_delbrueckii,34,0.0000,2,1.0000,3,0.3333,10
MS00236,Neisseria,Neisseria_meningitidis/Neisseria_polysaccharea/Neisseria_gonorrhoeae/Neisseria_lactamica,0,0.0000,2,0.0000,1,0.0000,1
MS00237,Neisseria,Neisseria_mucosa/Neisseria_macacae/Neisseria_sicca,0,0.0000,2,0.0000,1,0.0000,1
MS00252,Peptoniphilus,Peptoniphilus_harei,9,0.0000,2,0.0000,15,0.0667,6
MS00259,Phascolarctobacterium,Phascolarctobacterium_YIT_12067,30,0.0667,2,1.0000,2,1.0000,4
MS00330,Streptococcus,Streptococcus_cristatus,2,0.0000,2,0.0000,4,0.0000,0
MS00336,Streptococcus,Streptococcus_pyogenes/Streptococcus_ictaluri,2,0.0000,2,0.0000,1,0.0000,0
MS00352,Subdoligranulum,Subdoligranulum_variabile,83,0.0241,2,0.5000,4,0.7500,46
MS00354,Turicibacter,Turicibacter_PC909,73,0.0274,2,0.0000,3,0.6667,40
MS00002,Acidaminococcus,Acidaminococcus_fermentans,4,0.2500,1,0.0000,0,0.0000,1
MS00012,Actinomyces,Actinomyces_oral_taxon_448_F0400,13,0.0769,1,0.0000,0,0.0000,0
MS00025,Alistipes,Alistipes_putredinis,79,0.0127,1,0.0000,4,0.2500,13
MS00029,Anaerococcus,Anaerococcus_tetradius,2,0.0000,1,0.0000,7,0.0000,0
MS00032,Anaerotruncus,Anaerotruncus_colihominis,83,0.0120,1,0.0000,13,0.8462,75
MS00044,Bacteroides,Bacteroides_pectinophilus,82,0.0122,1,0.0000,1,1.0000,49
MS00046,Bacteroides,Bacteroides_capillosus,83,0.0120,1,0.0000,7,0.7143,63
MS00064,Bifidobacterium,Bifidobacterium_animalis,12,0.0833,1,1.0000,4,0.2500,14
MS00067,Blautia,Blautia_hydrogenotrophica,65,0.0154,1,0.0000,1,1.0000,12
MS00083,Citrobacter,Citrobacter_rodentium,2,0.0000,1,0.0000,1,0.0000,4
MS00085,Clostridiales,Clostridiales_bacterium_1_7_47FAA,58,0.0172,1,0.0000,10,0.9000,59
MS00101,Clostridium,Clostridium_methylpentosum,62,0.0161,1,0.0000,2,1.0000,24
MS00102,Clostridium,Clostridium_D5,42,0.0238,1,0.0000,3,0.0000,25
MS00116,Coprobacillus,Coprobacillus_29_1,79,0.0127,1,0.0000,5,0.8000,51
MS00117,Coprococcus,Coprococcus_eutactus,70,0.0143,1,0.0000,0,0.0000,6
MS00133,Dorea,Dorea_longicatena,82,0.0122,1,0.0000,3,1.0000,37
MS00155,Erysipelotrichaceae,Erysipelotrichaceae_bacterium_5_2_54FAA,81,0.0123,1,0.0000,1,0.0000,34
MS00159,Eubacterium,Eubacterium_hallii,83,0.0120,1,0.0000,1,1.0000,37
MS00163,Eubacterium,Eubacterium_dolichum,83,0.0120,1,0.0000,2,1.0000,48
MS00173,Fusobacterium,Fusobacterium_periodonticum/Fusobacterium_nucleatum,3,0.0000,1,0.0000,13,0.4615,24
MS00190,Kingella,Kingella_denitrificans,0,0.0000,1,0.0000,0,0.0000,0
MS00195,Lachnospiraceae,Lachnospiraceae_bacterium_4_1_37FAA/Lachnospiraceae_bacterium_9_1_43BFAA,35,0.0000,1,0.0000,0,0.0000,35
MS00206,Lactobacillus,Lactobacillus_ruminis,6,0.0000,1,1.0000,1,0.0000,3
MS00207,Lactobacillus,Lactobacillus_fermentum,5,0.0000,1,0.0000,1,0.0000,2
MS00213,Lactobacillus,Lactobacillus_reuteri,2,0.0000,1,0.0000,5,0.0000,1
MS00225,Megasphaera,Megasphaera_UPII_199_6/Megasphaera_genomosp__type_1_28L,4,0.0000,1,0.0000,2,0.0000,2
MS00230,Mitsuokella,Mitsuokella_multacida,3,0.0000,1,0.0000,1,0.0000,0
MS00231,Mobiluncus,Mobiluncus_curtisii,2,0.0000,1,0.0000,5,0.0000,0
MS00232,Neisseria,Neisseria_elongata,0,0.0000,1,0.0000,1,0.0000,1
MS00253,Peptoniphilus,Peptoniphilus_duerdenii,8,0.0000,1,1.0000,12,0.0833,3
MS00254,Peptoniphilus,Peptoniphilus_oral_taxon_375_F0436,5,0.0000,1,0.0000,6,0.0000,0
MS00256,Peptoniphilus,Peptoniphilus_lacrimalis,8,0.0000,1,0.0000,9,0.1111,8
MS00257,Peptostreptococcus,Peptostreptococcus_stomatis,5,0.0000,1,0.0000,2,0.0000,3
MS00282,Prevotella,Prevotella_oris,2,0.5000,1,1.0000,1,1.0000,5
MS00285,Prevotella,Prevotella_buccae,5,0.2000,1,1.0000,1,1.0000,10
MS00300,Roseburia,Roseburia_intestinalis,83,0.0120,1,0.0000,5,0.8000,71
MS00304,Ruminococcaceae,Ruminococcaceae_bacterium_D16,83,0.0120,1,0.0000,10,1.0000,73
MS00309,Ruminococcus,Ruminococcus_lactaris,81,0.0123,1,0.0000,0,0.0000,26
MS00314,Salmonella,Salmonella_enterica,0,0.0000,1,1.0000,3,0.0000,1
MS00315,Serratia,Serratia_symbiotica,0,0.0000,1,0.0000,0,0.0000,0
MS00316,Serratia,Serratia_proteamaculans,0,0.0000,1,0.0000,1,0.0000,0
MS00317,Serratia,Serratia_odorifera,0,0.0000,1,0.0000,0,0.0000,0
MS00337,Streptococcus,Streptococcus_equinus/Streptococcus_infantarius,0,0.0000,1,0.0000,5,0.0000,3
MS00348,Streptococcus,Streptococcus_bovis/Streptococcus_pasteurianus/Streptococcus_gallolyticus,1,1.0000,1,0.0000,0,0.0000,2
MS00351,Streptococcus,Streptococcus_suis,0,0.0000,1,0.0000,0,0.0000,0
MS00003,Acidovorax,Acidovorax_delafieldii,1,0.0000,0,0.0000,0,0.0000,0
MS00004,Acidovorax,Acidovorax_ebreus,1,0.0000,0,0.0000,0,0.0000,0
MS00005,Acidovorax,Acidovorax_avenae/Acidovorax_citrulli,0,0.0000,0,0.0000,0,0.0000,0
MS00007,Actinobacillus,Actinobacillus_succinogenes,0,0.0000,0,0.0000,0,0.0000,0
MS00008,Actinobacillus,Actinobacillus_pleuropneumoniae,0,0.0000,0,0.0000,0,0.0000,0
MS00011,Actinomyces,Actinomyces_oral_taxon_178_F0338,0,0.0000,0,0.0000,1,0.0000,0
MS00014,Actinomyces,Actinomyces_viscosus/Actinomyces_oris,14,0.0000,0,0.0000,0,0.0000,1
MS00015,Aeromonas,Aeromonas_caviae,0,0.0000,0,0.0000,0,0.0000,2
MS00016,Aeromonas,Aeromonas_hydrophila,0,0.0000,0,0.0000,0,0.0000,0
MS00017,Aeromonas,Aeromonas_veronii,0,0.0000,0,0.0000,0,0.0000,0
MS00018,Aeromonas,Aeromonas_salmonicida,0,0.0000,0,0.0000,0,0.0000,0
MS00021,Aggregatibacter,Aggregatibacter_actinomycetemcomitans,1,0.0000,0,0.0000,2,0.0000,1
MS00023,Alicycliphilus,Alicycliphilus_denitrificans,1,0.0000,0,0.0000,0,0.0000,0
MS00031,Anaerostipes,Anaerostipes_caccae,15,0.0000,0,0.0000,4,0.7500,53
MS00033,Arcobacter,Arcobacter_butzleri,1,0.0000,0,0.0000,0,0.0000,0
MS00034,Avibacterium,Avibacterium_paragallinarum,0,0.0000,0,0.0000,0,0.0000,0
MS00035,Azotobacter,Azotobacter_vinelandii,1,0.0000,0,0.0000,0,0.0000,0
MS00040,Bacteroides,Bacteroides_fluxus,5,0.0000,0,0.0000,1,1.0000,2
MS00043,Bacteroides,Bacteroides_salanitronis,20,0.0000,0,0.0000,2,0.5000,2
MS00048,Bacteroides,Bacteroides_helcogenes,0,0.0000,0,0.0000,0,0.0000,0
MS00057,Bifidobacterium,Bifidobacterium_gallicum,0,0.0000,0,0.0000,0,0.0000,0
MS00068,Brachyspira,Brachyspira_pilosicoli,0,0.0000,0,0.0000,0,0.0000,0
MS00069,Brachyspira,Brachyspira_hyodysenteriae,0,0.0000,0,0.0000,0,0.0000,0
MS00070,Brevundimonas,Brevundimonas_diminuta,1,0.0000,0,0.0000,0,0.0000,0
MS00073,Campylobacter,Campylobacter_gracilis,1,0.0000,0,0.0000,4,0.0000,4
MS00074,Campylobacter,Campylobacter_lari,0,0.0000,0,0.0000,0,0.0000,0
MS00075,Campylobacter,Campylobacter_hominis,23,0.0000,0,0.0000,0,0.0000,6
MS00076,Campylobacter,Campylobacter_coli/Campylobacter_jejuni,0,0.0000,0,0.0000,1,0.0000,0
MS00077,Campylobacter,Campylobacter_upsaliensis,0,0.0000,0,0.0000,0,0.0000,0
MS00079,Catenibacterium,Catenibacterium_mitsuokai,6,0.0000,0,0.0000,0,0.0000,4
MS00080,Chryseobacterium,Chryseobacterium_gleum,1,0.0000,0,0.0000,0,0.0000,0
MS00089,Clostridium,Clostridium_saccharolyticum,24,0.0000,0,0.0000,0,0.0000,2
MS00090,Clostridium,Clostridium_scindens,63,0.0000,0,0.0000,6,0.8333,31
MS00092,Clostridium,Clostridium_lentocellum,0,0.0000,0,0.0000,0,0.0000,2
MS00093,Clostridium,Clostridium_carboxidivorans,0,0.0000,0,0.0000,0,0.0000,0
MS00103,Clostridium,Clostridium_SY8519,14,0.0000,0,0.0000,0,0.0000,0
MS00104,Clostridium,Clostridium_hiranonis,2,0.0000,0,0.0000,0,0.0000,2
MS00105,Clostridium,Clostridium_hylemonae,15,0.0000,0,0.0000,0,0.0000,7
MS00107,Clostridium,Clostridium_botulinum/Clostridium_tetani/Clostridium_sporogenes,0,0.0000,0,0.0000,4,0.0000,0
MS00110,Clostridium,Clostridium_botulinum/Clostridium_novyi,0,0.0000,0,0.0000,0,0.0000,0
MS00115,Comamonas,Comamonas_testosteroni,1,0.0000,0,0.0000,0,0.0000,0
MS00119,Coriobacterium,Coriobacterium_glomerans,0,0.0000,0,0.0000,0,0.0000,0
MS00120,Cronobacter,Cronobacter_turicensis/Cronobacter_sakazakii,1,0.0000,0,0.0000,0,0.0000,0
MS00121,Delftia,Delftia_acidovorans,1,0.0000,0,0.0000,0,0.0000,0
MS00122,Desulfovibrio,Desulfovibrio_vulgaris,0,0.0000,0,0.0000,0,0.0000,0
MS00123,Desulfovibrio,Desulfovibrio_piger,20,0.0000,0,0.0000,0,0.0000,2
MS00124,Desulfovibrio,Desulfovibrio_desulfuricans,1,0.0000,0,0.0000,0,0.0000,0
MS00125,Desulfovibrio,Desulfovibrio_desulfuricans,2,0.0000,0,0.0000,1,1.0000,1
MS00126,Desulfovibrio,Desulfovibrio_3_1_syn3,8,0.0000,0,0.0000,0,0.0000,1
MS00128,Dialister,Dialister_micraerophilus,4,0.0000,0,0.0000,3,0.0000,4
MS00129,Dickeya,Dickeya_dadantii,0,0.0000,0,0.0000,0,0.0000,0
MS00130,Dickeya,Dickeya_zeae,0,0.0000,0,0.0000,0,0.0000,0
MS00131,Dickeya,Dickeya_dadantii,0,0.0000,0,0.0000,0,0.0000,0
MS00132,Dickeya,Dickeya_dadantii,0,0.0000,0,0.0000,0,0.0000,0
MS00135,Edwardsiella,Edwardsiella_tarda,0,0.0000,0,0.0000,0,0.0000,0
MS00136,Edwardsiella,Edwardsiella_ictaluri/Edwardsiella_tarda,0,0.0000,0,0.0000,0,0.0000,0
MS00137,Eggerthella,Eggerthella_YY7918,34,0.0000,0,0.0000,7,0.4286,6
MS00139,Eikenella,Eikenella_corrodens,0,0.0000,0,0.0000,0,0.0000,5
MS00141,Enterobacter,Enterobacter_638,1,0.0000,0,0.0000,1,0.0000,0
MS00143,Enterobacter,Enterobacter_cloacae,0,0.0000,0,0.0000,1,0.0000,0
MS00145,Enterobacteriaceae,Enterobacteriaceae_bacterium_9_2_54FAA,2,0.0000,0,0.0000,3,0.0000,1
MS00146,Enterococcus,Enterococcus_italicus,0,0.0000,0,0.0000,3,0.0000,3
MS00147,Enterococcus,Enterococcus_gallinarum,0,0.0000,0,0.0000,2,0.0000,6
MS00151,Erwinia,Erwinia_tasmaniensis,0,0.0000,0,0.0000,0,0.0000,0
MS00152,Erwinia,Erwinia_billingiae,0,0.0000,0,0.0000,0,0.0000,0
MS00153,Erwinia,Erwinia_amylovora/Erwinia_pyrifoliae,0,0.0000,0,0.0000,0,0.0000,0
MS00154,Erysipelotrichaceae,Erysipelotrichaceae_bacterium_3_1_53,77,0.0000,0,0.0000,4,1.0000,45
MS00162,Eubacterium,Eubacterium_limosum,11,0.0000,0,0.0000,5,0.6000,7
MS00171,Fusobacterium,Fusobacterium_D12,1,0.0000,0,0.0000,0,0.0000,0
MS00172,Fusobacterium,Fusobacterium_mortiferum,0,0.0000,0,0.0000,0,0.0000,6
MS00174,Fusobacterium,Fusobacterium_varium/Fusobacterium_ulcerans,1,0.0000,0,0.0000,0,0.0000,3
MS00175,Fusobacterium,Fusobacterium_gonidiaformans,5,0.0000,0,0.0000,1,1.0000,3
MS00176,Gallibacterium,Gallibacterium_anatis,0,0.0000,0,0.0000,0,0.0000,0
MS00183,Haemophilus,Haemophilus_ducreyi,0,0.0000,0,0.0000,0,0.0000,0
MS00185,Haemophilus,Haemophilus_parasuis,0,0.0000,0,0.0000,0,0.0000,0
MS00186,Haemophilus,Haemophilus_somnus,0,0.0000,0,0.0000,0,0.0000,0
MS00188,Kingella,Kingella_kingae,0,0.0000,0,0.0000,0,0.0000,0
MS00189,Kingella,Kingella_oralis,0,0.0000,0,0.0000,2,0.0000,0
MS00192,Kocuria,Kocuria_rhizophila,0,0.0000,0,0.0000,1,0.0000,1
MS00193,Lachnospiraceae,Lachnospiraceae_bacterium_2_1_46FAA,11,0.0000,0,0.0000,2,0.0000,10
MS00196,Lactobacillus,Lactobacillus_kefiranofaciens,0,0.0000,0,0.0000,0,0.0000,0
MS00197,Lactobacillus,Lactobacillus_coleohominis,0,0.0000,0,0.0000,0,0.0000,0
MS00198,Lactobacillus,Lactobacillus_salivarius,6,0.0000,0,0.0000,3,0.0000,0
MS00199,Lactobacillus,Lactobacillus_oris,1,0.0000,0,0.0000,10,0.0000,1
MS00200,Lactobacillus,Lactobacillus_antri,0,0.0000,0,0.0000,6,0.0000,1
MS00201,Lactobacillus,Lactobacillus_amylolyticus,0,0.0000,0,0.0000,0,0.0000,0
MS00205,Lactobacillus,Lactobacillus_amylovorus/Lactobacillus_acidophilus,0,0.0000,0,0.0000,0,0.0000,0
MS00211,Lactobacillus,Lactobacillus_paracasei/Lactobacillus_casei,5,0.0000,0,0.0000,25,0.1200,3
MS00212,Lactobacillus,Lactobacillus_jensenii,0,0.0000,0,0.0000,0,0.0000,0
MS00215,Lactococcus,Lactococcus_lactis,31,0.0000,0,0.0000,1,0.0000,11
MS00216,Leuconostoc,Leuconostoc_citreum,1,0.0000,0,0.0000,0,0.0000,2
MS00217,Leuconostoc,Leuconostoc_mesenteroides,29,0.0000,0,0.0000,0,0.0000,2
MS00218,Leuconostoc,Leuconostoc_lactis/Leuconostoc_argentinum,1,0.0000,0,0.0000,1,1.0000,6
MS00219,Lysinibacillus/Bacillus,Lysinibacillus_fusiformis/Lysinibacillus_sphaericus,2,0.0000,0,0.0000,0,0.0000,0
MS00220,Macrococcus,Macrococcus_caseolyticus,0,0.0000,0,0.0000,0,0.0000,3
MS00221,Mannheimia,Mannheimia_succiniciproducens,0,0.0000,0,0.0000,0,0.0000,0
MS00222,Mannheimia,Mannheimia_haemolytica,0,0.0000,0,0.0000,0,0.0000,0
MS00223,Megasphaera,Megasphaera_micronuciformis,2,0.0000,0,0.0000,9,0.4444,16
MS00224,Megasphaera,Megasphaera_UPII_135_E,3,0.0000,0,0.0000,2,0.0000,1
MS00226,Melissococcus,Melissococcus_plutonius,0,0.0000,0,0.0000,0,0.0000,0
MS00227,Methanobrevibacter,Methanobrevibacter_smithii,23,0.0000,0,0.0000,0,0.0000,2
MS00228,Methanosphaera,Methanosphaera_stadtmanae,1,0.0000,0,0.0000,0,0.0000,0
MS00229,Micrococcus,Micrococcus_luteus,0,0.0000,0,0.0000,0,0.0000,0
MS00233,Neisseria,Neisseria_oral_taxon_014_F0314,0,0.0000,0,0.0000,0,0.0000,1
MS00234,Neisseria,Neisseria_bacilliformis,0,0.0000,0,0.0000,1,0.0000,0
MS00240,Olsenella,Olsenella_uli,4,0.0000,0,0.0000,3,0.0000,0
MS00241,Pantoea,Pantoea_ananatis,0,0.0000,0,0.0000,0,0.0000,0
MS00242,Pantoea,Pantoea_At_9b,0,0.0000,0,0.0000,0,0.0000,0
MS00243,Pantoea,Pantoea_vagans,0,0.0000,0,0.0000,0,0.0000,0
MS00246,Parascardovia,Parascardovia_denticolens,2,0.0000,0,0.0000,1,0.0000,0
MS00248,Pasteurella,Pasteurella_multocida,0,0.0000,0,0.0000,0,0.0000,0
MS00249,Pasteurella,Pasteurella_dagmatis,0,0.0000,0,0.0000,0,0.0000,0
MS00250,Pectobacterium,Pectobacterium_atrosepticum/Pectobacterium_wasabiae,0,0.0000,0,0.0000,0,0.0000,0
MS00251,Pectobacterium,Pectobacterium_carotovorum,0,0.0000,0,0.0000,0,0.0000,0
MS00255,Peptoniphilus,Peptoniphilus_oral_taxon_386_F0131,1,0.0000,0,0.0000,0,0.0000,0
MS00260,Photorhabdus,Photorhabdus_asymbiotica,0,0.0000,0,0.0000,0,0.0000,0
MS00261,Photorhabdus,Photorhabdus_luminescens,0,0.0000,0,0.0000,0,0.0000,0
MS00262,Plautia,Plautia_stali,0,0.0000,0,0.0000,0,0.0000,0
MS00263,Porphyromonas,Porphyromonas_uenonis,23,0.0000,0,0.0000,12,0.4167,22
MS00264,Porphyromonas,Porphyromonas_asaccharolytica,30,0.0000,0,0.0000,6,0.1667,16
MS00265,Prevotella,Prevotella_disiens,22,0.0000,0,0.0000,12,0.2500,18
MS00267,Prevotella,Prevotella_multiformis,9,0.0000,0,0.0000,1,0.0000,4
MS00268,Prevotella,Prevotella_salivae,0,0.0000,0,0.0000,0,0.0000,2
MS00269,Prevotella,Prevotella_amnii,6,0.0000,0,0.0000,3,0.3333,6
MS00270,Prevotella,Prevotella_veroralis,0,0.0000,0,0.0000,0,0.0000,4
MS00271,Prevotella,Prevotella_buccalis,24,0.0000,0,0.0000,15,0.4000,26
MS00272,Prevotella,Prevotella_oral_taxon_299_F0039,0,0.0000,0,0.0000,0,0.0000,4
MS00273,Prevotella,Prevotella_timonensis,30,0.0000,0,0.0000,33,0.3939,27
MS00274,Prevotella,Prevotella_pallens,3,0.0000,0,0.0000,1,0.0000,6
MS00275,Prevotella,Prevotella_multisaccharivorax,1,0.0000,0,0.0000,0,0.0000,2
MS00277,Prevotella,Prevotella_dentalis,0,0.0000,0,0.0000,0,0.0000,3
MS00278,Prevotella,Prevotella_marshii,0,0.0000,0,0.0000,0,0.0000,3
MS00279,Prevotella,Prevotella_tannerae,0,0.0000,0,0.0000,0,0.0000,4
MS00280,Prevotella,Prevotella_nigrescens,2,0.0000,0,0.0000,1,1.0000,5
MS00281,Prevotella,Prevotella_bergensis,12,0.0000,0,0.0000,9,0.2222,9
MS00283,Prevotella,Prevotella_denticola,1,0.0000,0,0.0000,1,1.0000,3
MS00284,Prevotella,Prevotella_melaninogenica,1,0.0000,0,0.0000,0,0.0000,5
MS00286,Propionibacterium,Propionibacterium_freudenreichii,3,0.0000,0,0.0000,0,0.0000,2
MS00288,Proteus,Proteus_penneri,0,0.0000,0,0.0000,0,0.0000,1
MS00289,Proteus,Proteus_mirabilis,0,0.0000,0,0.0000,2,0.5000,4
MS00290,Providencia,Providencia_stuartii,0,0.0000,0,0.0000,0,0.0000,0
MS00291,Providencia,Providencia_alcalifaciens,0,0.0000,0,0.0000,0,0.0000,0
MS00292,Providencia,Providencia_rettgeri,0,0.0000,0,0.0000,0,0.0000,3
MS00293,Providencia,Providencia_rustigianii,0,0.0000,0,0.0000,0,0.0000,0
MS00294,Pseudomonas,Pseudomonas_entomophila,1,0.0000,0,0.0000,0,0.0000,0
MS00295,Pseudomonas,Pseudomonas_putida,1,0.0000,0,0.0000,0,0.0000,0
MS00296,Pseudomonas,Pseudomonas_mendocina/Pseudomonas_fulva/Pseudomonas_stutzeri,2,0.0000,0,0.0000,0,0.0000,0
MS00297,Pseudomonas,Pseudomonas_aeruginosa,2,0.0000,0,0.0000,2,0.0000,1
MS00298,Pseudoxanthomonas,Pseudoxanthomonas_suwonensis,1,0.0000,0,0.0000,0,0.0000,0
MS00299,Rahnella,Rahnella_Y9602,0,0.0000,0,0.0000,1,0.0000,0
MS00303,Rothia,Rothia_dentocariosa,7,0.0000,0,0.0000,0,0.0000,0
MS00308,Ruminococcus,Ruminococcus_flavefaciens,4,0.0000,0,0.0000,0,0.0000,2
MS00311,Ruminococcus,Ruminococcus_albus,1,0.0000,0,0.0000,0,0.0000,0
MS00312,Ruminococcus,Ruminococcus_albus,0,0.0000,0,0.0000,0,0.0000,0
MS00313,Salmonella,Salmonella_bongori,0,0.0000,0,0.0000,0,0.0000,0
MS00318,Slackia,Slackia_exigua,3,0.0000,0,0.0000,3,0.0000,4
MS00319,Slackia,Slackia_heliotrinireducens,0,0.0000,0,0.0000,0,0.0000,0
MS00320,Sodalis,Sodalis_glossinidius,0,0.0000,0,0.0000,0,0.0000,0
MS00321,Staphylococcus,Staphylococcus_pseudintermedius,0,0.0000,0,0.0000,0,0.0000,0
MS00322,Staphylococcus,Staphylococcus_carnosus,0,0.0000,0,0.0000,0,0.0000,0
MS00325,Stenotrophomonas,Stenotrophomonas_maltophilia,1,0.0000,0,0.0000,1,0.0000,1
MS00327,Streptococcus,Streptococcus_macacae,0,0.0000,0,0.0000,0,0.0000,0
MS00329,Streptococcus,Streptococcus_downei,2,0.0000,0,0.0000,0,0.0000,1
MS00331,Streptococcus,Streptococcus_criceti,0,0.0000,0,0.0000,0,0.0000,0
MS00332,Streptococcus,Streptococcus_oral_taxon_056_F0418,1,0.0000,0,0.0000,0,0.0000,0
MS00333,Streptococcus,Streptococcus_uberis,0,0.0000,0,0.0000,0,0.0000,0
MS00339,Streptococcus,Streptococcus_sanguinis,23,0.0000,0,0.0000,1,0.0000,8
MS00340,Streptococcus,Streptococcus_gordonii,20,0.0000,0,0.0000,0,0.0000,3
MS00341,Streptococcus,Streptococcus_mutans,28,0.0000,0,0.0000,0,0.0000,0
MS00345,Streptococcus,Streptococcus_equi,1,0.0000,0,0.0000,1,0.0000,0
MS00355,Ureaplasma,Ureaplasma_urealyticum,1,0.0000,0,0.0000,1,0.0000,0
MS00359,Victivallis,Victivallis_vadensis,33,0.0000,0,0.0000,0,0.0000,1
MS00360,Xanthomonas,Xanthomonas_campestris,0,0.0000,0,0.0000,0,0.0000,0
MS00361,Xanthomonas,Xanthomonas_perforans/Xanthomonas_campestris/Xanthomonas_fuscans/Xanthomonas_axonopodis,0,0.0000,0,0.0000,0,0.0000,0
MS00362,Xenorhabdus,Xenorhabdus_nematophila,0,0.0000,0,0.0000,0,0.0000,0
MS00363,Xenorhabdus,Xenorhabdus_bovienii,0,0.0000,0,0.0000,0,0.0000,0
MS00364,Yersinia,Yersinia_bercovieri,0,0.0000,0,0.0000,0,0.0000,0
MS00365,Yersinia,Yersinia_aldovae,0,0.0000,0,0.0000,1,0.0000,0
MS00366,Yersinia,Yersinia_rohdei,0,0.0000,0,0.0000,0,0.0000,0
MS00367,Yersinia,Yersinia_intermedia,0,0.0000,0,0.0000,1,0.0000,0
MS00368,Yersinia,Yersinia_kristensenii,0,0.0000,0,0.0000,1,0.0000,0
MS00369,Yersinia,Yersinia_mollaretii,1,0.0000,0,0.0000,0,0.0000,0
MS00370,Yersinia,Yersinia_ruckeri,0,0.0000,0,0.0000,1,0.0000,0
MS00371,Yersinia,Yersinia_frederiksenii,0,0.0000,0,0.0000,1,0.0000,0
MS00372,Yersinia,Yersinia_enterocolitica,0,0.0000,0,0.0000,1,0.0000,0
MS00373,Yersinia,Yersinia_pseudotuberculosis/Yersinia_pestis,0,0.0000,0,0.0000,0,0.0000,0
