year,state,species,pounds,dollars,tons
2017,Connecticut,"COD, ATLANTIC",937,2299,0.4685
2017,Maine,"COD, ATLANTIC",80572,218948,40.286
2017,Massachusetts,"COD, ATLANTIC",1583103,3774367,791.5515
2017,New Hampshire,"COD, ATLANTIC",70960,148949,35.48
2017,Rhode Island,"COD, ATLANTIC",113229,278573,56.6145
2016,Connecticut,"COD, ATLANTIC",25660,48890,12.83
2016,Maine,"COD, ATLANTIC",166081,341501,83.0405
2016,Massachusetts,"COD, ATLANTIC",2723903,5164264,1361.9515
2016,New Hampshire,"COD, ATLANTIC",55161,108694,27.5805
2016,New Jersey,"COD, ATLANTIC",1030,2638,0.515
2016,Rhode Island,"COD, ATLANTIC",209647,393896,104.8235
2015,Connecticut,"COD, ATLANTIC",1968,3819,0.984
2015,Maine,"COD, ATLANTIC",254594,496878,127.297
2015,Massachusetts,"COD, ATLANTIC",2913481,5528195,1456.7405
2015,New Hampshire,"COD, ATLANTIC",44701,93296,22.3505
2015,New Jersey,"COD, ATLANTIC",71,133,0.0355
2015,Rhode Island,"COD, ATLANTIC",138926,281061,69.463
2014,Connecticut,"COD, ATLANTIC",523,1131,0.2615
2014,Maine,"COD, ATLANTIC",404122,884371,202.061
2014,Massachusetts,"COD, ATLANTIC",4294491,7493636,2147.2455
2014,New Hampshire,"COD, ATLANTIC",263360,571297,131.68
2014,New Jersey,"COD, ATLANTIC",138,331,0.069
2014,Rhode Island,"COD, ATLANTIC",195072,382004,97.536
2013,Connecticut,"COD, ATLANTIC",39,109,0.0195
2013,Maine,"COD, ATLANTIC",286298,737685,143.149
2013,Massachusetts,"COD, ATLANTIC",4145406,8376560,2072.703
2013,New Hampshire,"COD, ATLANTIC",229870,546314,114.935
2013,New Jersey,"COD, ATLANTIC",1015,2136,0.5075
2013,Rhode Island,"COD, ATLANTIC",290386,722988,145.193
2012,Connecticut,"COD, ATLANTIC",7256,14223,3.628
2012,Maine,"COD, ATLANTIC",492714,1234332,246.357
2012,Maryland,"COD, ATLANTIC",63,174,0.0315
2012,Massachusetts,"COD, ATLANTIC",8980225,18550352,4490.1125
2012,New Hampshire,"COD, ATLANTIC",725454,1750161,362.727
2012,New Jersey,"COD, ATLANTIC",875,1803,0.4375
2012,Rhode Island,"COD, ATLANTIC",271417,582177,135.7085
2011,Connecticut,"COD, ATLANTIC",2,4,0.001
2011,Maine,"COD, ATLANTIC",814077,1617500,407.0385
2011,Maryland,"COD, ATLANTIC",76,173,0.038
2011,Massachusetts,"COD, ATLANTIC",15012062,27582585,7506.031
2011,New Hampshire,"COD, ATLANTIC",1286312,2499574,643.156
2011,New Jersey,"COD, ATLANTIC",1581,4356,0.7905
2011,Rhode Island,"COD, ATLANTIC",408866,758667,204.433
2010,Connecticut,"COD, ATLANTIC",5673,9459,2.8365
2010,Maine,"COD, ATLANTIC",748131,1388716,374.0655
2010,Maryland,"COD, ATLANTIC",136,259,0.068
2010,Massachusetts,"COD, ATLANTIC",15371543,23998994,7685.7715
2010,New Hampshire,"COD, ATLANTIC",1226227,2186438,613.1135
2010,New Jersey,"COD, ATLANTIC",305,762,0.1525
2010,Rhode Island,"COD, ATLANTIC",279089,410127,139.5445
2009,Connecticut,"COD, ATLANTIC",6641,11640,3.3205
2009,Maine,"COD, ATLANTIC",1238893,1535599,619.4465
2009,Massachusetts,"COD, ATLANTIC",16018385,20422109,8009.1925
2009,New Hampshire,"COD, ATLANTIC",1984444,2587068,992.222
2009,Rhode Island,"COD, ATLANTIC",395806,532758,197.903
2008,Connecticut,"COD, ATLANTIC",1645,2502,0.8225
2008,Maine,"COD, ATLANTIC",1324470,3775055,662.235
2008,Maryland,"COD, ATLANTIC",7,13,0.0035
2008,Massachusetts,"COD, ATLANTIC",16034999,24169469,8017.4995
2008,New Hampshire,"COD, ATLANTIC",1479037,2311481,739.5185
2008,New Jersey,"COD, ATLANTIC",966,1196,0.483
2008,Rhode Island,"COD, ATLANTIC",275415,428734,137.7075
2007,Connecticut,"COD, ATLANTIC",6197,11926,3.0985
2007,Maine,"COD, ATLANTIC",1374143,2215058,687.0715
2007,Massachusetts,"COD, ATLANTIC",13681988,21835892,6840.994
2007,New Hampshire,"COD, ATLANTIC",1168104,1972342,584.052
2007,Rhode Island,"COD, ATLANTIC",634499,996277,317.2495
2006,Connecticut,"COD, ATLANTIC",631,993,0.3155
2006,Maine,"COD, ATLANTIC",1419029,2370269,709.5145
2006,Massachusetts,"COD, ATLANTIC",9944668,16025328,4972.334
2006,New Hampshire,"COD, ATLANTIC",1023939,1732030,511.9695
2006,New Jersey,"COD, ATLANTIC",24,54,0.012
2006,Rhode Island,"COD, ATLANTIC",196027,303595,98.0135
2005,Connecticut,"COD, ATLANTIC",4885,7011,2.4425
2005,Maine,"COD, ATLANTIC",1952246,2797076,976.123
2005,Massachusetts,"COD, ATLANTIC",10417134,15768021,5208.567
2005,New Hampshire,"COD, ATLANTIC",1293047,1892161,646.5235
2005,Rhode Island,"COD, ATLANTIC",204898,287592,102.449
2004,Connecticut,"COD, ATLANTIC",4282,4385,2.141
2004,Maine,"COD, ATLANTIC",2371787,3159554,1185.8935
2004,Massachusetts,"COD, ATLANTIC",11737106,15877964,5868.553
2004,New Hampshire,"COD, ATLANTIC",1632785,2243728,816.3925
2004,New Jersey,"COD, ATLANTIC",107,148,0.0535
2004,Rhode Island,"COD, ATLANTIC",270834,313089,135.417
2003,Maine,"COD, ATLANTIC",1196747,1588405,598.3735
2003,Maine,"COD, ATLANTIC",1170706,1346799,585.353
2003,Maine,"COD, ATLANTIC",19113,19765,9.5565
2003,Massachusetts,"COD, ATLANTIC",297491,273035,148.7455
2003,Massachusetts,"COD, ATLANTIC",1606090,1698271,803.045
2003,Massachusetts,"COD, ATLANTIC",5356002,6523680,2678.001
2003,Massachusetts,"COD, ATLANTIC",21053,22196,10.5265
2003,Massachusetts,"COD, ATLANTIC",11930528,13650316,5965.264
2003,New Hampshire,"COD, ATLANTIC",4072,4496,2.036
2003,New Hampshire,"COD, ATLANTIC",492546,605655,246.273
2003,New Hampshire,"COD, ATLANTIC",948269,1233188,474.1345
2003,New Hampshire,"COD, ATLANTIC",585,735,0.2925
2003,New Hampshire,"COD, ATLANTIC",12408,8993,6.204
2003,Rhode Island,"COD, ATLANTIC",7659,6116,3.8295
2003,Rhode Island,"COD, ATLANTIC",152833,165304,76.4165
2003,Rhode Island,"COD, ATLANTIC",271997,247436,135.9985
2003,Rhode Island,"COD, ATLANTIC",29136,24767,14.568
2003,Rhode Island,"COD, ATLANTIC",26351,23442,13.1755
2002,Maine,"COD, ATLANTIC",1183403,1399820,591.7015
2002,Maine,"COD, ATLANTIC",86,60,0.043
2002,Maine,"COD, ATLANTIC",44246,40681,22.123
2002,Maine,"COD, ATLANTIC",1676231,1763194,838.1155
2002,Massachusetts,"COD, ATLANTIC",3863595,3451997,1931.7975
2002,Massachusetts,"COD, ATLANTIC",5938382,6708962,2969.191
2002,Massachusetts,"COD, ATLANTIC",13786860,14648166,6893.43
2002,Massachusetts,"COD, ATLANTIC",49175,34522,24.5875
2002,Massachusetts,"COD, ATLANTIC",190994,151855,95.497
2002,New Hampshire,"COD, ATLANTIC",18835,11575,9.4175
2002,New Hampshire,"COD, ATLANTIC",862013,1133961,431.0065
2002,New Hampshire,"COD, ATLANTIC",687319,821194,343.6595
2002,New Hampshire,"COD, ATLANTIC",15316,16367,7.658
2002,Rhode Island,"COD, ATLANTIC",122383,118305,61.1915
2002,Rhode Island,"COD, ATLANTIC",38654,28545,19.327
2002,Rhode Island,"COD, ATLANTIC",1604,733,0.802
2002,Rhode Island,"COD, ATLANTIC",245854,194270,122.927
2002,Rhode Island,"COD, ATLANTIC",119822,107952,59.911
2001,Connecticut,"COD, ATLANTIC",24478,22596,12.239
2001,Connecticut,"COD, ATLANTIC",11832,12540,5.916
2001,Connecticut,"COD, ATLANTIC",757,569,0.3785
2001,Connecticut,"COD, ATLANTIC",172027,142603,86.0135
2001,Maine,"COD, ATLANTIC",173,148,0.0865
2001,Maine,"COD, ATLANTIC",1572091,1602495,786.0455
2001,Maine,"COD, ATLANTIC",117855,101774,58.9275
2001,Maine,"COD, ATLANTIC",1251586,1409842,625.793
2001,Maine,"COD, ATLANTIC",117,140,0.0585
2001,Massachusetts,"COD, ATLANTIC",186174,128599,93.087
2001,Massachusetts,"COD, ATLANTIC",18476,16676,9.238
2001,Massachusetts,"COD, ATLANTIC",5440703,5845944,2720.3515
2001,Massachusetts,"COD, ATLANTIC",15551404,14894680,7775.702
2001,Massachusetts,"COD, ATLANTIC",6242974,5220653,3121.487
2001,New Hampshire,"COD, ATLANTIC",1030431,1075733,515.2155
2001,New Hampshire,"COD, ATLANTIC",848229,855854,424.1145
2001,New Hampshire,"COD, ATLANTIC",65536,62578,32.768
2001,New Hampshire,"COD, ATLANTIC",31399,22940,15.6995
2001,New Jersey,"COD, ATLANTIC",53,70,0.0265
2001,New Jersey,"COD, ATLANTIC",22,32,0.011
2001,Rhode Island,"COD, ATLANTIC",55008,50159,27.504
2001,Rhode Island,"COD, ATLANTIC",38425,32157,19.2125
2001,Rhode Island,"COD, ATLANTIC",247375,217067,123.6875
2001,Rhode Island,"COD, ATLANTIC",1164,694,0.582
2001,Rhode Island,"COD, ATLANTIC",179887,187152,89.9435
2000,Connecticut,"COD, ATLANTIC",79668,82544,39.834
2000,Maine,"COD, ATLANTIC",9791,13510,4.8955
2000,Maine,"COD, ATLANTIC",97235,100545,48.6175
2000,Maine,"COD, ATLANTIC",1541226,1737431,770.613
2000,Maine,"COD, ATLANTIC",953852,1142882,476.926
2000,Massachusetts,"COD, ATLANTIC",11887780,12459092,5943.89
2000,Massachusetts,"COD, ATLANTIC",3742242,3572755,1871.121
2000,Massachusetts,"COD, ATLANTIC",98349,50524,49.1745
2000,Massachusetts,"COD, ATLANTIC",4072023,4570152,2036.0115
2000,Massachusetts,"COD, ATLANTIC",13678,11774,6.839
2000,New Hampshire,"COD, ATLANTIC",696005,693880,348.0025
2000,New Hampshire,"COD, ATLANTIC",941719,1010309,470.8595
2000,New Hampshire,"COD, ATLANTIC",34231,15949,17.1155
2000,New Hampshire,"COD, ATLANTIC",84375,86989,42.1875
2000,New Jersey,"COD, ATLANTIC",140,150,0.07
2000,New Jersey,"COD, ATLANTIC",140,191,0.07
2000,Rhode Island,"COD, ATLANTIC",414884,402955,207.442
2000,Rhode Island,"COD, ATLANTIC",240924,251987,120.462
2000,Rhode Island,"COD, ATLANTIC",386,435,0.193
2000,Rhode Island,"COD, ATLANTIC",28056,25658,14.028
2000,Rhode Island,"COD, ATLANTIC",43798,44399,21.899
1999,Connecticut,"COD, ATLANTIC",48498,40944,24.249
1999,Maine,"COD, ATLANTIC",837020,964826,418.51
1999,Maine,"COD, ATLANTIC",509,492,0.2545
1999,Maine,"COD, ATLANTIC",87250,89077,43.625
1999,Maine,"COD, ATLANTIC",648804,797283,324.402
1999,Maryland,"COD, ATLANTIC",42,19,0.021
1999,Massachusetts,"COD, ATLANTIC",4095742,4651131,2047.871
1999,Massachusetts,"COD, ATLANTIC",10370474,11592887,5185.237
1999,Massachusetts,"COD, ATLANTIC",4074147,4531776,2037.0735
1999,Massachusetts,"COD, ATLANTIC",121659,75260,60.8295
1999,Massachusetts,"COD, ATLANTIC",12631,12914,6.3155
1999,New Hampshire,"COD, ATLANTIC",30970,25393,15.485
1999,New Hampshire,"COD, ATLANTIC",110477,132914,55.2385
1999,New Hampshire,"COD, ATLANTIC",204289,233490,102.1445
1999,New Hampshire,"COD, ATLANTIC",4246,2347,2.123
1999,New Jersey,"COD, ATLANTIC",29,31,0.0145
1999,New Jersey,"COD, ATLANTIC",12,16,0.006
1999,New Jersey,"COD, ATLANTIC",105,110,0.0525
1999,New Jersey,"COD, ATLANTIC",555,675,0.2775
1999,Rhode Island,"COD, ATLANTIC",43473,32951,21.7365
1999,Rhode Island,"COD, ATLANTIC",266000,255237,133.0
1999,Rhode Island,"COD, ATLANTIC",399,248,0.1995
1999,Rhode Island,"COD, ATLANTIC",17662,18588,8.831
1999,Rhode Island,"COD, ATLANTIC",341415,315239,170.7075
1998,Connecticut,"COD, ATLANTIC",116653,76074,58.3265
1998,Maine,"COD, ATLANTIC",1776,1686,0.888
1998,Maine,"COD, ATLANTIC",128073,124947,64.0365
1998,Maine,"COD, ATLANTIC",861557,960973,430.7785
1998,Maine,"COD, ATLANTIC",1408589,1495359,704.2945
1998,Massachusetts,"COD, ATLANTIC",5106794,5054069,2553.397
1998,Massachusetts,"COD, ATLANTIC",15494,13776,7.747
1998,Massachusetts,"COD, ATLANTIC",4287513,4510815,2143.7565
1998,Massachusetts,"COD, ATLANTIC",10413833,11120228,5206.9165
1998,Massachusetts,"COD, ATLANTIC",179800,104121,89.9
1998,New Hampshire,"COD, ATLANTIC",59673,30207,29.8365
1998,New Hampshire,"COD, ATLANTIC",437511,483374,218.7555
1998,New Hampshire,"COD, ATLANTIC",858320,908427,429.16
1998,New Hampshire,"COD, ATLANTIC",135251,127937,67.6255
1998,New Jersey,"COD, ATLANTIC",455,534,0.2275
1998,Rhode Island,"COD, ATLANTIC",2094,1543,1.047
1998,Rhode Island,"COD, ATLANTIC",187203,152139,93.6015
1998,Rhode Island,"COD, ATLANTIC",186992,164450,93.496
1998,Rhode Island,"COD, ATLANTIC",33434,24317,16.717
1998,Rhode Island,"COD, ATLANTIC",5748,6630,2.874
1997,Connecticut,"COD, ATLANTIC",20843,13499,10.4215
1997,Maine,"COD, ATLANTIC",2410,1357,1.205
1997,Maine,"COD, ATLANTIC",1013539,961371,506.7695
1997,Maine,"COD, ATLANTIC",2650923,2204913,1325.4615
1997,Maine,"COD, ATLANTIC",316744,245627,158.372
1997,Maryland,"COD, ATLANTIC",25,22,0.0125
1997,Massachusetts,"COD, ATLANTIC",4719298,3990066,2359.649
1997,Massachusetts,"COD, ATLANTIC",264225,115263,132.1125
1997,Massachusetts,"COD, ATLANTIC",4907924,4209995,2453.962
1997,Massachusetts,"COD, ATLANTIC",12162437,10663968,6081.2185
1997,Massachusetts,"COD, ATLANTIC",24599,19120,12.2995
1997,New Hampshire,"COD, ATLANTIC",101328,44395,50.664
1997,New Hampshire,"COD, ATLANTIC",207262,154522,103.631
1997,New Hampshire,"COD, ATLANTIC",384183,334743,192.0915
1997,New Hampshire,"COD, ATLANTIC",1310398,1102281,655.199
1997,New Jersey,"COD, ATLANTIC",210,234,0.105
1997,New Jersey,"COD, ATLANTIC",18,26,0.009
1997,Rhode Island,"COD, ATLANTIC",69697,36972,34.8485
1997,Rhode Island,"COD, ATLANTIC",113139,81135,56.5695
1997,Rhode Island,"COD, ATLANTIC",263216,181925,131.608
1997,Rhode Island,"COD, ATLANTIC",28337,18629,14.1685
1997,Rhode Island,"COD, ATLANTIC",519,572,0.2595
1996,Connecticut,"COD, ATLANTIC",22279,14769,11.1395
1996,Maine,"COD, ATLANTIC",3065,1853,1.5325
1996,Maine,"COD, ATLANTIC",844257,884005,422.1285
1996,Maine,"COD, ATLANTIC",3486320,2803835,1743.16
1996,Maine,"COD, ATLANTIC",530487,388408,265.2435
1996,Massachusetts,"COD, ATLANTIC",285200,124292,142.6
1996,Massachusetts,"COD, ATLANTIC",5798557,4773987,2899.2785
1996,Massachusetts,"COD, ATLANTIC",35745,34815,17.8725
1996,Massachusetts,"COD, ATLANTIC",12879137,11266763,6439.5685
1996,Massachusetts,"COD, ATLANTIC",4175918,3636943,2087.959
1996,New Hampshire,"COD, ATLANTIC",146349,64192,73.1745
1996,New Hampshire,"COD, ATLANTIC",335323,230628,167.6615
1996,New Hampshire,"COD, ATLANTIC",312043,264997,156.0215
1996,New Hampshire,"COD, ATLANTIC",1989557,1578523,994.7785
1996,New Jersey,"COD, ATLANTIC",1484,1994,0.742
1996,New Jersey,"COD, ATLANTIC",2,4,0.001
1996,New Jersey,"COD, ATLANTIC",80,84,0.04
1996,Rhode Island,"COD, ATLANTIC",31869,24626,15.9345
1996,Rhode Island,"COD, ATLANTIC",105187,85936,52.5935
1996,Rhode Island,"COD, ATLANTIC",237652,223395,118.826
1996,Rhode Island,"COD, ATLANTIC",882,596,0.441
1996,Rhode Island,"COD, ATLANTIC",17909,25608,8.9545
1995,Connecticut,"COD, ATLANTIC",21215,27578,10.6075
1995,Maine,"COD, ATLANTIC",15156,11658,7.578
1995,Maine,"COD, ATLANTIC",1174604,1291894,587.302
1995,Maine,"COD, ATLANTIC",3346218,3113395,1673.109
1995,Maine,"COD, ATLANTIC",786285,668881,393.1425
1995,Maine,"COD, ATLANTIC",1211,1242,0.6055
1995,Maryland,"COD, ATLANTIC",19,9,0.0095
1995,Maryland,"COD, ATLANTIC",12,8,0.006
1995,Massachusetts,"COD, ATLANTIC",5993806,5379250,2996.903
1995,Massachusetts,"COD, ATLANTIC",9937388,10048577,4968.694
1995,Massachusetts,"COD, ATLANTIC",4979621,4623636,2489.8105
1995,Massachusetts,"COD, ATLANTIC",71078,68719,35.539
1995,Massachusetts,"COD, ATLANTIC",262131,135083,131.0655
1995,New Hampshire,"COD, ATLANTIC",172296,80601,86.148
1995,New Hampshire,"COD, ATLANTIC",328168,275055,164.084
1995,New Hampshire,"COD, ATLANTIC",1738720,1624282,869.36
1995,New Hampshire,"COD, ATLANTIC",180,78,0.09
1995,New Hampshire,"COD, ATLANTIC",521655,487084,260.8275
1995,New Jersey,"COD, ATLANTIC",1314,1595,0.657
1995,New Jersey,"COD, ATLANTIC",351,207,0.1755
1995,New Jersey,"COD, ATLANTIC",42,54,0.021
1995,New Jersey,"COD, ATLANTIC",317,445,0.1585
1995,Rhode Island,"COD, ATLANTIC",9479,13956,4.7395
1995,Rhode Island,"COD, ATLANTIC",9680,4696,4.84
1995,Rhode Island,"COD, ATLANTIC",250941,268786,125.4705
1995,Rhode Island,"COD, ATLANTIC",152767,151022,76.3835
1995,Rhode Island,"COD, ATLANTIC",60175,54424,30.0875
1994,Connecticut,"COD, ATLANTIC",86580,59000,43.29
1994,Maine,"COD, ATLANTIC",14282,9987,7.141
1994,Maine,"COD, ATLANTIC",1573,1613,0.7865
1994,Maine,"COD, ATLANTIC",2167265,2160670,1083.6325
1994,Maine,"COD, ATLANTIC",5141324,4733895,2570.662
1994,Maine,"COD, ATLANTIC",925713,803383,462.8565
1994,Maryland,"COD, ATLANTIC",20,13,0.01
1994,Massachusetts,"COD, ATLANTIC",413872,185702,206.936
1994,Massachusetts,"COD, ATLANTIC",6321621,5767659,3160.8105
1994,Massachusetts,"COD, ATLANTIC",13365696,12979303,6682.848
1994,Massachusetts,"COD, ATLANTIC",231921,204214,115.9605
1994,Massachusetts,"COD, ATLANTIC",6665632,6115360,3332.816
1994,New Hampshire,"COD, ATLANTIC",276006,137222,138.003
1994,New Hampshire,"COD, ATLANTIC",304521,275598,152.2605
1994,New Hampshire,"COD, ATLANTIC",725495,666507,362.7475
1994,New Hampshire,"COD, ATLANTIC",1708559,1628673,854.2795
1994,New Jersey,"COD, ATLANTIC",2868,3932,1.434
1994,New Jersey,"COD, ATLANTIC",386,162,0.193
1994,Rhode Island,"COD, ATLANTIC",83556,70221,41.778
1994,Rhode Island,"COD, ATLANTIC",299618,277228,149.809
1994,Rhode Island,"COD, ATLANTIC",126904,121336,63.452
1994,Rhode Island,"COD, ATLANTIC",24870,9238,12.435
1994,Rhode Island,"COD, ATLANTIC",50925,53849,25.4625
1993,Connecticut,"COD, ATLANTIC",218256,125992,109.128
1993,Maine,"COD, ATLANTIC",54617,37754,27.3085
1993,Maine,"COD, ATLANTIC",1211037,991716,605.5185
1993,Maine,"COD, ATLANTIC",4305553,3718531,2152.7765
1993,Maine,"COD, ATLANTIC",3638921,3210575,1819.4605
1993,Maine,"COD, ATLANTIC",7591,5047,3.7955
1993,Maryland,"COD, ATLANTIC",14,4,0.007
1993,Massachusetts,"COD, ATLANTIC",95827,90471,47.9135
1993,Massachusetts,"COD, ATLANTIC",760057,520065,380.0285
1993,Massachusetts,"COD, ATLANTIC",11036864,9447748,5518.432
1993,Massachusetts,"COD, ATLANTIC",15100941,14093415,7550.4705
1993,Massachusetts,"COD, ATLANTIC",9514645,8364727,4757.3225
1993,New Hampshire,"COD, ATLANTIC",582531,516370,291.2655
1993,New Hampshire,"COD, ATLANTIC",1298296,1270161,649.148
1993,New Hampshire,"COD, ATLANTIC",827475,738491,413.7375
1993,New Hampshire,"COD, ATLANTIC",253221,148781,126.6105
1993,New Jersey,"COD, ATLANTIC",372,353,0.186
1993,New Jersey,"COD, ATLANTIC",8655,6115,4.3275
1993,New Jersey,"COD, ATLANTIC",24689,33286,12.3445
1993,New Jersey,"COD, ATLANTIC",107,46,0.0535
1993,New Jersey,"COD, ATLANTIC",158,148,0.079
1993,Rhode Island,"COD, ATLANTIC",193312,162219,96.656
1993,Rhode Island,"COD, ATLANTIC",134346,132199,67.173
1993,Rhode Island,"COD, ATLANTIC",10328,14560,5.164
1993,Rhode Island,"COD, ATLANTIC",359823,299992,179.9115
1993,Rhode Island,"COD, ATLANTIC",545910,499502,272.955
1992,Connecticut,"COD, ATLANTIC",76795,44319,38.3975
1992,Maine,"COD, ATLANTIC",117,114,0.0585
1992,Maine,"COD, ATLANTIC",1373328,1028381,686.664
1992,Maine,"COD, ATLANTIC",4657253,3938485,2328.6265
1992,Maine,"COD, ATLANTIC",6908537,5790287,3454.2685
1992,Maine,"COD, ATLANTIC",55953,31966,27.9765
1992,Massachusetts,"COD, ATLANTIC",106244,88927,53.122
1992,Massachusetts,"COD, ATLANTIC",17314072,15738893,8657.036
1992,Massachusetts,"COD, ATLANTIC",12137787,10399927,6068.8935
1992,Massachusetts,"COD, ATLANTIC",1036520,717448,518.26
1992,Massachusetts,"COD, ATLANTIC",11678849,9051699,5839.4245
1992,New Hampshire,"COD, ATLANTIC",258633,113996,129.3165
1992,New Hampshire,"COD, ATLANTIC",625410,546377,312.705
1992,New Hampshire,"COD, ATLANTIC",1148252,1017574,574.126
1992,New Hampshire,"COD, ATLANTIC",1575935,1492048,787.9675
1992,New Jersey,"COD, ATLANTIC",922,277,0.461
1992,New Jersey,"COD, ATLANTIC",2419,2711,1.2095
1992,New Jersey,"COD, ATLANTIC",390,273,0.195
1992,New Jersey,"COD, ATLANTIC",8186,9184,4.093
1992,Rhode Island,"COD, ATLANTIC",224616,148628,112.308
1992,Rhode Island,"COD, ATLANTIC",1039125,860636,519.5625
1992,Rhode Island,"COD, ATLANTIC",601054,478008,300.527
1992,Rhode Island,"COD, ATLANTIC",215117,172728,107.5585
1992,Rhode Island,"COD, ATLANTIC",1672,1335,0.836
1991,Connecticut,"COD, ATLANTIC",227785,153088,113.8925
1991,Maine,"COD, ATLANTIC",420,406,0.21
1991,Maine,"COD, ATLANTIC",4777353,4056205,2388.6765
1991,Maine,"COD, ATLANTIC",3377517,2404160,1688.7585
1991,Maine,"COD, ATLANTIC",12434629,9415512,6217.3145
1991,Maine,"COD, ATLANTIC",589954,409378,294.977
1991,Massachusetts,"COD, ATLANTIC",29174430,24052050,14587.215
1991,Massachusetts,"COD, ATLANTIC",168688,147002,84.344
1991,Massachusetts,"COD, ATLANTIC",15218449,11896649,7609.2245
1991,Massachusetts,"COD, ATLANTIC",16643264,13802598,8321.632
1991,Massachusetts,"COD, ATLANTIC",1248240,751373,624.12
1991,New Hampshire,"COD, ATLANTIC",397667,162955,198.8335
1991,New Hampshire,"COD, ATLANTIC",1082158,862516,541.079
1991,New Hampshire,"COD, ATLANTIC",1088916,956243,544.458
1991,New Hampshire,"COD, ATLANTIC",2080812,1732829,1040.406
1991,New Jersey,"COD, ATLANTIC",1105,1100,0.5525
1991,New Jersey,"COD, ATLANTIC",1368,1637,0.684
1991,New Jersey,"COD, ATLANTIC",8472,7852,4.236
1991,Rhode Island,"COD, ATLANTIC",284698,230755,142.349
1991,Rhode Island,"COD, ATLANTIC",4171,2869,2.0855
1991,Rhode Island,"COD, ATLANTIC",1344237,1037072,672.1185
1991,Rhode Island,"COD, ATLANTIC",1947843,1440706,973.9215
1991,Rhode Island,"COD, ATLANTIC",249086,179088,124.543
1990,Connecticut,"COD, ATLANTIC",424249,237577,212.1245
1990,Maine,"COD, ATLANTIC",12999,11110,6.4995
1990,Maine,"COD, ATLANTIC",7740811,4695974,3870.4055
1990,Maine,"COD, ATLANTIC",2971798,2161176,1485.899
1990,Maine,"COD, ATLANTIC",3934854,2175939,1967.427
1990,Maine,"COD, ATLANTIC",615850,343935,307.925
1990,Maryland,"COD, ATLANTIC",18,13,0.009
1990,Massachusetts,"COD, ATLANTIC",25605614,14641923,12802.807
1990,Massachusetts,"COD, ATLANTIC",160252,114694,80.126
1990,Massachusetts,"COD, ATLANTIC",1534010,770031,767.005
1990,Massachusetts,"COD, ATLANTIC",30068958,20207774,15034.479
1990,Massachusetts,"COD, ATLANTIC",14830821,10561435,7415.4105
1990,New Hampshire,"COD, ATLANTIC",1719556,1199265,859.778
1990,New Hampshire,"COD, ATLANTIC",919269,716928,459.6345
1990,New Hampshire,"COD, ATLANTIC",734267,439846,367.1335
1990,New Hampshire,"COD, ATLANTIC",401363,130996,200.6815
1990,New Jersey,"COD, ATLANTIC",1231,722,0.6155
1990,New Jersey,"COD, ATLANTIC",5091,5363,2.5455
1990,New Jersey,"COD, ATLANTIC",2466,1806,1.233
1990,New Jersey,"COD, ATLANTIC",6216,4633,3.108
1990,Rhode Island,"COD, ATLANTIC",681904,375014,340.952
1990,Rhode Island,"COD, ATLANTIC",1758293,1075320,879.1465
1990,Rhode Island,"COD, ATLANTIC",1033317,690656,516.6585
1990,Rhode Island,"COD, ATLANTIC",173841,114388,86.9205
1990,Rhode Island,"COD, ATLANTIC",5804,3218,2.902
1989,Connecticut,"COD, ATLANTIC",460300,362020,230.15
1989,Maine,"COD, ATLANTIC",1900,960,0.95
1989,Maine,"COD, ATLANTIC",319900,157590,159.95
1989,Maine,"COD, ATLANTIC",2235700,1243106,1117.85
1989,Maine,"COD, ATLANTIC",7540500,4440947,3770.25
1989,Maine,"COD, ATLANTIC",2318600,1420745,1159.3
1989,Massachusetts,"COD, ATLANTIC",29988400,19067873,14994.2
1989,Massachusetts,"COD, ATLANTIC",1633400,712736,816.7
1989,Massachusetts,"COD, ATLANTIC",14179500,8177629,7089.75
1989,Massachusetts,"COD, ATLANTIC",281600,173406,140.8
1989,Massachusetts,"COD, ATLANTIC",12449600,7569627,6224.8
1989,New Hampshire,"COD, ATLANTIC",20000,14681,10.0
1989,New Hampshire,"COD, ATLANTIC",765800,515250,382.9
1989,New Hampshire,"COD, ATLANTIC",1831600,1215646,915.8
1989,New Hampshire,"COD, ATLANTIC",523900,325346,261.95
1989,New Hampshire,"COD, ATLANTIC",308500,98298,154.25
1989,New Jersey,"COD, ATLANTIC",23600,14450,11.8
1989,New Jersey,"COD, ATLANTIC",13300,7123,6.65
1989,New Jersey,"COD, ATLANTIC",42100,29450,21.05
1989,New Jersey,"COD, ATLANTIC",300,170,0.15
1989,Rhode Island,"COD, ATLANTIC",139100,71834,69.55
1989,Rhode Island,"COD, ATLANTIC",2003300,1181872,1001.65
1989,Rhode Island,"COD, ATLANTIC",796600,456941,398.3
1989,Rhode Island,"COD, ATLANTIC",4700,2241,2.35
1989,Rhode Island,"COD, ATLANTIC",390400,189207,195.2
1988,Connecticut,"COD, ATLANTIC",255500,168630,127.75
1988,Maine,"COD, ATLANTIC",285700,117288,142.85
1988,Maine,"COD, ATLANTIC",1755400,826064,877.7
1988,Maine,"COD, ATLANTIC",3545700,1809981,1772.85
1988,Maine,"COD, ATLANTIC",93400,50929,46.7
1988,Maine,"COD, ATLANTIC",2423900,1229294,1211.95
1988,Massachusetts,"COD, ATLANTIC",28324700,16805736,14162.35
1988,Massachusetts,"COD, ATLANTIC",17620600,9251123,8810.3
1988,Massachusetts,"COD, ATLANTIC",1411400,707136,705.7
1988,Massachusetts,"COD, ATLANTIC",263900,149429,131.95
1988,Massachusetts,"COD, ATLANTIC",13618300,8118803,6809.15
1988,New Hampshire,"COD, ATLANTIC",239400,82786,119.7
1988,New Hampshire,"COD, ATLANTIC",418000,213678,209.0
1988,New Hampshire,"COD, ATLANTIC",821400,487748,410.7
1988,New Hampshire,"COD, ATLANTIC",19800,12939,9.9
1988,New Hampshire,"COD, ATLANTIC",1461500,833694,730.75
1988,New Jersey,"COD, ATLANTIC",13100,8080,6.55
1988,New Jersey,"COD, ATLANTIC",700,295,0.35
1988,New Jersey,"COD, ATLANTIC",900,373,0.45
1988,New Jersey,"COD, ATLANTIC",200,64,0.1
1988,Rhode Island,"COD, ATLANTIC",2800,899,1.4
1988,Rhode Island,"COD, ATLANTIC",852600,437684,426.3
1988,Rhode Island,"COD, ATLANTIC",1563700,850440,781.85
1988,Rhode Island,"COD, ATLANTIC",537900,260284,268.95
1988,Rhode Island,"COD, ATLANTIC",52300,28506,26.15
