Year,State,Cantidate,Party,Votes
1976,Alabama,"Carter, Jimmy",democrat,659170
1980,Alabama,"Carter, Jimmy",democrat,636730
1992,Alabama,"Clinton, Bill",democrat,690080
1996,Alabama,"Clinton, Bill",democrat,662165
2016,Alabama,"Clinton, Hillary",democrat,729547
1988,Alabama,"Dukakis, Michael",democrat,549506
2000,Alabama,"Gore, Al",democrat,692611
2004,Alabama,"Kerry, John",democrat,693933
1984,Alabama,"Mondale, Walter",democrat,551899
2008,Alabama,"Obama, Barack H.",democrat,813479
2012,Alabama,"Obama, Barack H.",democrat,795696
1988,Alabama,"Bush, George H.W.",republican,815576
1992,Alabama,"Bush, George H.W.",republican,804283
2000,Alabama,"Bush, George W.",republican,941173
2004,Alabama,"Bush, George W.",republican,1176394
1996,Alabama,"Dole, Robert",republican,769044
1976,Alabama,"Ford, Gerald",republican,504070
2008,Alabama,"McCain, John",republican,1266546
1980,Alabama,"Reagan, Ronald",republican,654192
1984,Alabama,"Reagan, Ronald",republican,872849
2012,Alabama,"Romney, Mitt",republican,1255925
2016,Alabama,"Trump, Donald J.",republican,1318255
1976,Alaska,"Carter, Jimmy",democrat,44058
1980,Alaska,"Carter, Jimmy",democrat,41842
1992,Alaska,"Clinton, Bill",democrat,78294
1996,Alaska,"Clinton, Bill",democrat,80380
2016,Alaska,"Clinton, Hillary",democrat,116454
1988,Alaska,"Dukakis, Michael",democrat,72584
2000,Alaska,"Gore, Al",democrat,79004
2004,Alaska,"Kerry, John",democrat,111025
1984,Alaska,"Mondale, Walter",democrat,62007
2008,Alaska,"Obama, Barack H.",democrat,123594
2012,Alaska,"Obama, Barack H.",democrat,122640
1988,Alaska,"Bush, George H.W.",republican,119251
1992,Alaska,"Bush, George H.W.",republican,102000
2000,Alaska,"Bush, George W.",republican,167398
2004,Alaska,"Bush, George W.",republican,190889
1996,Alaska,"Dole, Robert",republican,122746
1976,Alaska,"Ford, Gerald",republican,71555
2008,Alaska,"McCain, John",republican,193841
1980,Alaska,"Reagan, Ronald",republican,86112
1984,Alaska,"Reagan, Ronald",republican,138377
2012,Alaska,"Romney, Mitt",republican,164676
2016,Alaska,"Trump, Donald J.",republican,163387
1976,Arizona,"Carter, Jimmy",democrat,295602
1980,Arizona,"Carter, Jimmy",democrat,246843
1992,Arizona,"Clinton, Bill",democrat,543050
1996,Arizona,"Clinton, Bill",democrat,653288
2016,Arizona,"Clinton, Hillary",democrat,1161167
1988,Arizona,"Dukakis, Michael",democrat,454029
2000,Arizona,"Gore, Al",democrat,685341
2004,Arizona,"Kerry, John",democrat,893524
1984,Arizona,"Mondale, Walter",democrat,333854
2008,Arizona,"Obama, Barack H.",democrat,1034707
2012,Arizona,"Obama, Barack H.",democrat,1025232
1988,Arizona,"Bush, George H.W.",republican,702541
1992,Arizona,"Bush, George H.W.",republican,572086
2000,Arizona,"Bush, George W.",republican,781652
2004,Arizona,"Bush, George W.",republican,1104294
1996,Arizona,"Dole, Robert",republican,622073
1976,Arizona,"Ford, Gerald",republican,418642
2008,Arizona,"McCain, John",republican,1230111
1980,Arizona,"Reagan, Ronald",republican,529688
1984,Arizona,"Reagan, Ronald",republican,681416
2012,Arizona,"Romney, Mitt",republican,1233654
2016,Arizona,"Trump, Donald J.",republican,1252401
1976,Arkansas,"Carter, Jimmy",democrat,498604
1980,Arkansas,"Carter, Jimmy",democrat,398041
1992,Arkansas,"Clinton, Bill",democrat,505823
1996,Arkansas,"Clinton, Bill",democrat,475171
2016,Arkansas,"Clinton, Hillary",democrat,380494
1988,Arkansas,"Dukakis, Michael",democrat,349237
2000,Arkansas,"Gore, Al",democrat,422768
2004,Arkansas,"Kerry, John",democrat,469953
1984,Arkansas,"Mondale, Walter",democrat,338646
2008,Arkansas,"Obama, Barack H.",democrat,422310
2012,Arkansas,"Obama, Barack H.",democrat,394409
1988,Arkansas,"Bush, George H.W.",republican,466578
1992,Arkansas,"Bush, George H.W.",republican,337324
2000,Arkansas,"Bush, George W.",republican,472940
2004,Arkansas,"Bush, George W.",republican,572898
1996,Arkansas,"Dole, Robert",republican,325416
1976,Arkansas,"Ford, Gerald",republican,267903
2008,Arkansas,"McCain, John",republican,638017
1980,Arkansas,"Reagan, Ronald",republican,403164
1984,Arkansas,"Reagan, Ronald",republican,534774
2012,Arkansas,"Romney, Mitt",republican,647744
2016,Arkansas,"Trump, Donald J.",republican,684872
1976,California,"Carter, Jimmy",democrat,3742284
1980,California,"Carter, Jimmy",democrat,3082943
1992,California,"Clinton, Bill",democrat,5121325
1996,California,"Clinton, Bill",democrat,5119835
2016,California,"Clinton, Hillary",democrat,8753788
1988,California,"Dukakis, Michael",democrat,4702233
2000,California,"Gore, Al",democrat,5861203
2004,California,"Kerry, John",democrat,6745485
1984,California,"Mondale, Walter",democrat,3922519
2008,California,"Obama, Barack H.",democrat,8274473
2012,California,"Obama, Barack H.",democrat,7854285
1988,California,"Bush, George H.W.",republican,5054917
1992,California,"Bush, George H.W.",republican,3630574
2000,California,"Bush, George W.",republican,4567429
2004,California,"Bush, George W.",republican,5509826
1996,California,"Dole, Robert",republican,3828381
1976,California,"Ford, Gerald",republican,3882244
2008,California,"McCain, John",republican,5011781
1980,California,"Reagan, Ronald",republican,4522994
1984,California,"Reagan, Ronald",republican,5467009
2012,California,"Romney, Mitt",republican,4839958
2016,California,"Trump, Donald J.",republican,4483810
1976,Colorado,"Carter, Jimmy",democrat,460801
1980,Colorado,"Carter, Jimmy",democrat,368009
1992,Colorado,"Clinton, Bill",democrat,629681
1996,Colorado,"Clinton, Bill",democrat,671152
2016,Colorado,"Clinton, Hillary",democrat,1338870
1988,Colorado,"Dukakis, Michael",democrat,621453
2000,Colorado,"Gore, Al",democrat,738227
2004,Colorado,"Kerry, John",democrat,1001732
1984,Colorado,"Mondale, Walter",democrat,454975
2008,Colorado,"Obama, Barack H.",democrat,1288576
2012,Colorado,"Obama, Barack H.",democrat,1323101
1988,Colorado,"Bush, George H.W.",republican,728177
1992,Colorado,"Bush, George H.W.",republican,562850
2000,Colorado,"Bush, George W.",republican,883748
2004,Colorado,"Bush, George W.",republican,1101255
1996,Colorado,"Dole, Robert",republican,691848
1976,Colorado,"Ford, Gerald",republican,584278
2008,Colorado,"McCain, John",republican,1073589
1980,Colorado,"Reagan, Ronald",republican,652264
1984,Colorado,"Reagan, Ronald",republican,821817
2012,Colorado,"Romney, Mitt",republican,1185243
2016,Colorado,"Trump, Donald J.",republican,1202484
1976,Connecticut,"Carter, Jimmy",democrat,647895
1980,Connecticut,"Carter, Jimmy",democrat,541732
1992,Connecticut,"Clinton, Bill",democrat,682318
1996,Connecticut,"Clinton, Bill",democrat,735740
2016,Connecticut,"Clinton, Hillary",democrat,897572
1988,Connecticut,"Dukakis, Michael",democrat,676584
2000,Connecticut,"Gore, Al",democrat,816015
2004,Connecticut,"Kerry, John",democrat,857488
1984,Connecticut,"Mondale, Walter",democrat,569597
2008,Connecticut,"Obama, Barack H.",democrat,997772
2012,Connecticut,"Obama, Barack H.",democrat,905083
1988,Connecticut,"Bush, George H.W.",republican,750241
1992,Connecticut,"Bush, George H.W.",republican,578313
2000,Connecticut,"Bush, George W.",republican,561094
2004,Connecticut,"Bush, George W.",republican,693826
1996,Connecticut,"Dole, Robert",republican,483109
1976,Connecticut,"Ford, Gerald",republican,719261
2008,Connecticut,"McCain, John",republican,629428
1980,Connecticut,"Reagan, Ronald",republican,677210
1984,Connecticut,"Reagan, Ronald",republican,890877
2012,Connecticut,"Romney, Mitt",republican,634892
2016,Connecticut,"Trump, Donald J.",republican,673215
1976,Delaware,"Carter, Jimmy",democrat,122461
1980,Delaware,"Carter, Jimmy",democrat,105754
1992,Delaware,"Clinton, Bill",democrat,126054
1996,Delaware,"Clinton, Bill",democrat,140355
2016,Delaware,"Clinton, Hillary",democrat,235603
1988,Delaware,"Dukakis, Michael",democrat,108647
2000,Delaware,"Gore, Al",democrat,180068
2004,Delaware,"Kerry, John",democrat,200152
1984,Delaware,"Mondale, Walter",democrat,101656
2008,Delaware,"Obama, Barack H.",democrat,255459
2012,Delaware,"Obama, Barack H.",democrat,242584
1988,Delaware,"Bush, George H.W.",republican,139639
1992,Delaware,"Bush, George H.W.",republican,102313
2000,Delaware,"Bush, George W.",republican,137288
2004,Delaware,"Bush, George W.",republican,171660
1996,Delaware,"Dole, Robert",republican,99062
1976,Delaware,"Ford, Gerald",republican,109780
2008,Delaware,"McCain, John",republican,152374
1980,Delaware,"Reagan, Ronald",republican,111252
1984,Delaware,"Reagan, Ronald",republican,152190
2012,Delaware,"Romney, Mitt",republican,165484
2016,Delaware,"Trump, Donald J.",republican,185127
1976,Florida,"Carter, Jimmy",democrat,1636000
1980,Florida,"Carter, Jimmy",democrat,1419475
1992,Florida,"Clinton, Bill",democrat,2071698
1996,Florida,"Clinton, Bill",democrat,2546870
2016,Florida,"Clinton, Hillary",democrat,4504975
1988,Florida,"Dukakis, Michael",democrat,1656701
2000,Florida,"Gore, Al",democrat,2912253
2004,Florida,"Kerry, John",democrat,3583544
1984,Florida,"Mondale, Walter",democrat,1448816
2008,Florida,"Obama, Barack H.",democrat,4282074
2012,Florida,"Obama, Barack H.",democrat,4237756
1988,Florida,"Bush, George H.W.",republican,2618885
1992,Florida,"Bush, George H.W.",republican,2173310
2000,Florida,"Bush, George W.",republican,2912790
2004,Florida,"Bush, George W.",republican,3964522
1996,Florida,"Dole, Robert",republican,2244536
1976,Florida,"Ford, Gerald",republican,1469531
2008,Florida,"McCain, John",republican,4045624
1980,Florida,"Reagan, Ronald",republican,2046951
1984,Florida,"Reagan, Ronald",republican,2730350
2012,Florida,"Romney, Mitt",republican,4163447
2016,Florida,"Trump, Donald J.",republican,4617886
1976,Georgia,"Carter, Jimmy",democrat,979409
1980,Georgia,"Carter, Jimmy",democrat,890955
1992,Georgia,"Clinton, Bill",democrat,1008966
1996,Georgia,"Clinton, Bill",democrat,1053849
2016,Georgia,"Clinton, Hillary",democrat,1877963
1988,Georgia,"Dukakis, Michael",democrat,714792
2000,Georgia,"Gore, Al",democrat,1116230
2004,Georgia,"Kerry, John",democrat,1366149
1984,Georgia,"Mondale, Walter",democrat,706628
2008,Georgia,"Obama, Barack H.",democrat,1844123
2012,Georgia,"Obama, Barack H.",democrat,1773827
1988,Georgia,"Bush, George H.W.",republican,1081331
1992,Georgia,"Bush, George H.W.",republican,995252
2000,Georgia,"Bush, George W.",republican,1419720
2004,Georgia,"Bush, George W.",republican,1914254
1996,Georgia,"Dole, Robert",republican,1080843
1976,Georgia,"Ford, Gerald",republican,483743
2008,Georgia,"McCain, John",republican,2048759
1980,Georgia,"Reagan, Ronald",republican,654168
1984,Georgia,"Reagan, Ronald",republican,1068722
2012,Georgia,"Romney, Mitt",republican,2078688
2016,Georgia,"Trump, Donald J.",republican,2089104
1976,Hawaii,"Carter, Jimmy",democrat,147375
1980,Hawaii,"Carter, Jimmy",democrat,135879
1992,Hawaii,"Clinton, Bill",democrat,179310
1996,Hawaii,"Clinton, Bill",democrat,205012
2016,Hawaii,"Clinton, Hillary",democrat,266891
1988,Hawaii,"Dukakis, Michael",democrat,192364
2000,Hawaii,"Gore, Al",democrat,205286
2004,Hawaii,"Kerry, John",democrat,231708
1984,Hawaii,"Mondale, Walter",democrat,147154
2008,Hawaii,"Obama, Barack H.",democrat,325871
2012,Hawaii,"Obama, Barack H.",democrat,306658
1988,Hawaii,"Bush, George H.W.",republican,158625
1992,Hawaii,"Bush, George H.W.",republican,136822
2000,Hawaii,"Bush, George W.",republican,137845
2004,Hawaii,"Bush, George W.",republican,194191
1996,Hawaii,"Dole, Robert",republican,113943
1976,Hawaii,"Ford, Gerald",republican,140003
2008,Hawaii,"McCain, John",republican,120566
1980,Hawaii,"Reagan, Ronald",republican,130112
1984,Hawaii,"Reagan, Ronald",republican,185050
2012,Hawaii,"Romney, Mitt",republican,121015
2016,Hawaii,"Trump, Donald J.",republican,128847
1976,Idaho,"Carter, Jimmy",democrat,126549
1980,Idaho,"Carter, Jimmy",democrat,110192
1992,Idaho,"Clinton, Bill",democrat,137013
1996,Idaho,"Clinton, Bill",democrat,165443
2016,Idaho,"Clinton, Hillary",democrat,189765
1988,Idaho,"Dukakis, Michael",democrat,147272
2000,Idaho,"Gore, Al",democrat,138637
2004,Idaho,"Kerry, John",democrat,181098
1984,Idaho,"Mondale, Walter",democrat,108510
2008,Idaho,"Obama, Barack H.",democrat,236440
2012,Idaho,"Obama, Barack H.",democrat,212787
1988,Idaho,"Bush, George H.W.",republican,253881
1992,Idaho,"Bush, George H.W.",republican,202645
2000,Idaho,"Bush, George W.",republican,336937
2004,Idaho,"Bush, George W.",republican,409235
1996,Idaho,"Dole, Robert",republican,256595
1976,Idaho,"Ford, Gerald",republican,204151
2008,Idaho,"McCain, John",republican,403012
1980,Idaho,"Reagan, Ronald",republican,290699
1984,Idaho,"Reagan, Ronald",republican,297523
2012,Idaho,"Romney, Mitt",republican,420911
2016,Idaho,"Trump, Donald J.",republican,409055
1976,Illinois,"Carter, Jimmy",democrat,2271295
1980,Illinois,"Carter, Jimmy",democrat,1981413
1992,Illinois,"Clinton, Bill",democrat,2453350
1996,Illinois,"Clinton, Bill",democrat,2341744
2016,Illinois,"Clinton, Hillary",democrat,3090729
1988,Illinois,"Dukakis, Michael",democrat,2215940
2000,Illinois,"Gore, Al",democrat,2589026
2004,Illinois,"Kerry, John",democrat,2891550
1984,Illinois,"Mondale, Walter",democrat,2086499
2008,Illinois,"Obama, Barack H.",democrat,3419348
2012,Illinois,"Obama, Barack H.",democrat,3019512
1988,Illinois,"Bush, George H.W.",republican,2310939
1992,Illinois,"Bush, George H.W.",republican,1734096
2000,Illinois,"Bush, George W.",republican,2019421
2004,Illinois,"Bush, George W.",republican,2345946
1996,Illinois,"Dole, Robert",republican,1587021
1976,Illinois,"Ford, Gerald",republican,2364269
2008,Illinois,"McCain, John",republican,2031179
1980,Illinois,"Reagan, Ronald",republican,2358049
1984,Illinois,"Reagan, Ronald",republican,2707103
2012,Illinois,"Romney, Mitt",republican,2135216
2016,Illinois,"Trump, Donald J.",republican,2146015
1976,Indiana,"Carter, Jimmy",democrat,1014714
1980,Indiana,"Carter, Jimmy",democrat,844197
1992,Indiana,"Clinton, Bill",democrat,848420
1996,Indiana,"Clinton, Bill",democrat,887424
2016,Indiana,"Clinton, Hillary",democrat,1033126
1988,Indiana,"Dukakis, Michael",democrat,860643
2000,Indiana,"Gore, Al",democrat,901980
2004,Indiana,"Kerry, John",democrat,969011
1984,Indiana,"Mondale, Walter",democrat,841481
2008,Indiana,"Obama, Barack H.",democrat,1374039
2012,Indiana,"Obama, Barack H.",democrat,1152887
1988,Indiana,"Bush, George H.W.",republican,1297763
1992,Indiana,"Bush, George H.W.",republican,989375
2000,Indiana,"Bush, George W.",republican,1245836
2004,Indiana,"Bush, George W.",republican,1479438
1996,Indiana,"Dole, Robert",republican,1006693
1976,Indiana,"Ford, Gerald",republican,1183958
2008,Indiana,"McCain, John",republican,1345648
1980,Indiana,"Reagan, Ronald",republican,1255656
1984,Indiana,"Reagan, Ronald",republican,1377230
2012,Indiana,"Romney, Mitt",republican,1420543
2016,Indiana,"Trump, Donald J.",republican,1557286
1976,Iowa,"Carter, Jimmy",democrat,619931
1980,Iowa,"Carter, Jimmy",democrat,508672
1992,Iowa,"Clinton, Bill",democrat,586353
1996,Iowa,"Clinton, Bill",democrat,620258
2016,Iowa,"Clinton, Hillary",democrat,653669
1988,Iowa,"Dukakis, Michael",democrat,670557
2000,Iowa,"Gore, Al",democrat,638517
2004,Iowa,"Kerry, John",democrat,741898
1984,Iowa,"Mondale, Walter",democrat,605620
2008,Iowa,"Obama, Barack H.",democrat,828940
2012,Iowa,"Obama, Barack H.",democrat,822544
1988,Iowa,"Bush, George H.W.",republican,545355
1992,Iowa,"Bush, George H.W.",republican,504891
2000,Iowa,"Bush, George W.",republican,634373
2004,Iowa,"Bush, George W.",republican,751957
1996,Iowa,"Dole, Robert",republican,492644
1976,Iowa,"Ford, Gerald",republican,632864
2008,Iowa,"McCain, John",republican,682379
1980,Iowa,"Reagan, Ronald",republican,676026
1984,Iowa,"Reagan, Ronald",republican,703088
2012,Iowa,"Romney, Mitt",republican,730617
2016,Iowa,"Trump, Donald J.",republican,800983
1976,Kansas,"Carter, Jimmy",democrat,430421
1980,Kansas,"Carter, Jimmy",democrat,326150
1992,Kansas,"Clinton, Bill",democrat,390434
1996,Kansas,"Clinton, Bill",democrat,387659
2016,Kansas,"Clinton, Hillary",democrat,427005
1988,Kansas,"Dukakis, Michael",democrat,422636
2000,Kansas,"Gore, Al",democrat,399276
2004,Kansas,"Kerry, John",democrat,434993
1984,Kansas,"Mondale, Walter",democrat,333149
2008,Kansas,"Obama, Barack H.",democrat,514765
2012,Kansas,"Obama, Barack H.",democrat,440726
1988,Kansas,"Bush, George H.W.",republican,554049
1992,Kansas,"Bush, George H.W.",republican,449951
2000,Kansas,"Bush, George W.",republican,622332
2004,Kansas,"Bush, George W.",republican,736456
1996,Kansas,"Dole, Robert",republican,583245
1976,Kansas,"Ford, Gerald",republican,502752
2008,Kansas,"McCain, John",republican,699655
1980,Kansas,"Reagan, Ronald",republican,566812
1984,Kansas,"Reagan, Ronald",republican,677296
2012,Kansas,"Romney, Mitt",republican,692634
2016,Kansas,"Trump, Donald J.",republican,671018
1976,Kentucky,"Carter, Jimmy",democrat,615717
1980,Kentucky,"Carter, Jimmy",democrat,617417
1992,Kentucky,"Clinton, Bill",democrat,665104
1996,Kentucky,"Clinton, Bill",democrat,636614
2016,Kentucky,"Clinton, Hillary",democrat,628854
1988,Kentucky,"Dukakis, Michael",democrat,580368
2000,Kentucky,"Gore, Al",democrat,638923
2004,Kentucky,"Kerry, John",democrat,712733
1984,Kentucky,"Mondale, Walter",democrat,539539
2008,Kentucky,"Obama, Barack H.",democrat,751985
2012,Kentucky,"Obama, Barack H.",democrat,679370
1988,Kentucky,"Bush, George H.W.",republican,734281
1992,Kentucky,"Bush, George H.W.",republican,617178
2000,Kentucky,"Bush, George W.",republican,872520
2004,Kentucky,"Bush, George W.",republican,1069439
1996,Kentucky,"Dole, Robert",republican,623283
1976,Kentucky,"Ford, Gerald",republican,531852
2008,Kentucky,"McCain, John",republican,1048462
1980,Kentucky,"Reagan, Ronald",republican,635274
1984,Kentucky,"Reagan, Ronald",republican,821702
2012,Kentucky,"Romney, Mitt",republican,1087190
2016,Kentucky,"Trump, Donald J.",republican,1202971
1976,Louisiana,"Carter, Jimmy",democrat,661365
1980,Louisiana,"Carter, Jimmy",democrat,708453
1992,Louisiana,"Clinton, Bill",democrat,815971
1996,Louisiana,"Clinton, Bill",democrat,927837
2016,Louisiana,"Clinton, Hillary",democrat,780154
1988,Louisiana,"Dukakis, Michael",democrat,717460
2000,Louisiana,"Gore, Al",democrat,792344
2004,Louisiana,"Kerry, John",democrat,820299
1984,Louisiana,"Mondale, Walter",democrat,651586
2008,Louisiana,"Obama, Barack H.",democrat,782989
2012,Louisiana,"Obama, Barack H.",democrat,809141
1988,Louisiana,"Bush, George H.W.",republican,883702
1992,Louisiana,"Bush, George H.W.",republican,733386
2000,Louisiana,"Bush, George W.",republican,927871
2004,Louisiana,"Bush, George W.",republican,1102169
1996,Louisiana,"Dole, Robert",republican,712586
1976,Louisiana,"Ford, Gerald",republican,587446
2008,Louisiana,"McCain, John",republican,1148275
1980,Louisiana,"Reagan, Ronald",republican,792853
1984,Louisiana,"Reagan, Ronald",republican,1037299
2012,Louisiana,"Romney, Mitt",republican,1152262
2016,Louisiana,"Trump, Donald J.",republican,1178638
1976,Maine,"Carter, Jimmy",democrat,232279
1980,Maine,"Carter, Jimmy",democrat,220974
1992,Maine,"Clinton, Bill",democrat,263420
1996,Maine,"Clinton, Bill",democrat,312788
2016,Maine,"Clinton, Hillary",democrat,357735
1988,Maine,"Dukakis, Michael",democrat,243569
2000,Maine,"Gore, Al",democrat,319951
2004,Maine,"Kerry, John",democrat,396842
1984,Maine,"Mondale, Walter",democrat,214515
2008,Maine,"Obama, Barack H.",democrat,421923
2012,Maine,"Obama, Barack H.",democrat,401306
1988,Maine,"Bush, George H.W.",republican,307131
1992,Maine,"Bush, George H.W.",republican,206504
2000,Maine,"Bush, George W.",republican,286616
2004,Maine,"Bush, George W.",republican,330201
1996,Maine,"Dole, Robert",republican,186378
1976,Maine,"Ford, Gerald",republican,236320
2008,Maine,"McCain, John",republican,295273
1980,Maine,"Reagan, Ronald",republican,238522
1984,Maine,"Reagan, Ronald",republican,336500
2012,Maine,"Romney, Mitt",republican,292276
2016,Maine,"Trump, Donald J.",republican,335593
1976,Maryland,"Carter, Jimmy",democrat,759612
1980,Maryland,"Carter, Jimmy",democrat,726161
1992,Maryland,"Clinton, Bill",democrat,988571
1996,Maryland,"Clinton, Bill",democrat,966207
2016,Maryland,"Clinton, Hillary",democrat,1677928
1988,Maryland,"Dukakis, Michael",democrat,826304
2000,Maryland,"Gore, Al",democrat,1144008
2004,Maryland,"Kerry, John",democrat,1334493
1984,Maryland,"Mondale, Walter",democrat,787935
2008,Maryland,"Obama, Barack H.",democrat,1629467
2012,Maryland,"Obama, Barack H.",democrat,1677844
1988,Maryland,"Bush, George H.W.",republican,876167
1992,Maryland,"Bush, George H.W.",republican,707094
2000,Maryland,"Bush, George W.",republican,813827
2004,Maryland,"Bush, George W.",republican,1024703
1996,Maryland,"Dole, Robert",republican,681530
1976,Maryland,"Ford, Gerald",republican,672661
2008,Maryland,"McCain, John",republican,959862
1980,Maryland,"Reagan, Ronald",republican,680606
1984,Maryland,"Reagan, Ronald",republican,879918
2012,Maryland,"Romney, Mitt",republican,971869
2016,Maryland,"Trump, Donald J.",republican,943169
1976,Massachusetts,"Carter, Jimmy",democrat,1429475
1980,Massachusetts,"Carter, Jimmy",democrat,1053802
1992,Massachusetts,"Clinton, Bill",democrat,1318639
1996,Massachusetts,"Clinton, Bill",democrat,1571509
2016,Massachusetts,"Clinton, Hillary",democrat,1995196
1988,Massachusetts,"Dukakis, Michael",democrat,1401415
2000,Massachusetts,"Gore, Al",democrat,1616487
2004,Massachusetts,"Kerry, John",democrat,1803800
1984,Massachusetts,"Mondale, Walter",democrat,1239606
2008,Massachusetts,"Obama, Barack H.",democrat,1904097
2012,Massachusetts,"Obama, Barack H.",democrat,1921290
1988,Massachusetts,"Bush, George H.W.",republican,1194635
1992,Massachusetts,"Bush, George H.W.",republican,805039
2000,Massachusetts,"Bush, George W.",republican,878502
2004,Massachusetts,"Bush, George W.",republican,1071109
1996,Massachusetts,"Dole, Robert",republican,718058
1976,Massachusetts,"Ford, Gerald",republican,1030276
2008,Massachusetts,"McCain, John",republican,1108854
1980,Massachusetts,"Reagan, Ronald",republican,1057631
1984,Massachusetts,"Reagan, Ronald",republican,1310936
2012,Massachusetts,"Romney, Mitt",republican,1188314
2016,Massachusetts,"Trump, Donald J.",republican,1090893
1976,Michigan,"Carter, Jimmy",democrat,1696714
1980,Michigan,"Carter, Jimmy",democrat,1661532
1992,Michigan,"Clinton, Bill",democrat,1871182
1996,Michigan,"Clinton, Bill",democrat,1989653
2016,Michigan,"Clinton, Hillary",democrat,2268839
1988,Michigan,"Dukakis, Michael",democrat,1675783
2000,Michigan,"Gore, Al",democrat,2170418
2004,Michigan,"Kerry, John",democrat,2479183
1984,Michigan,"Mondale, Walter",democrat,1529638
2008,Michigan,"Obama, Barack H.",democrat,2872579
2012,Michigan,"Obama, Barack H.",democrat,2564569
1988,Michigan,"Bush, George H.W.",republican,1965486
1992,Michigan,"Bush, George H.W.",republican,1554940
2000,Michigan,"Bush, George W.",republican,1953139
2004,Michigan,"Bush, George W.",republican,2313746
1996,Michigan,"Dole, Robert",republican,1481212
1976,Michigan,"Ford, Gerald",republican,1893742
2008,Michigan,"McCain, John",republican,2048639
1980,Michigan,"Reagan, Ronald",republican,1915225
1984,Michigan,"Reagan, Ronald",republican,2251571
2012,Michigan,"Romney, Mitt",republican,2115256
2016,Michigan,"Trump, Donald J.",republican,2279543
1976,Minnesota,"Carter, Jimmy",democrat,1070440
1980,Minnesota,"Carter, Jimmy",democrat,954173
1992,Minnesota,"Clinton, Bill",democrat,1020997
1996,Minnesota,"Clinton, Bill",democrat,1120380
2016,Minnesota,"Clinton, Hillary",democrat,1367705
1988,Minnesota,"Dukakis, Michael",democrat,1109471
1984,Minnesota,"Mondale, Walter",democrat,1036364
2008,Minnesota,"Obama, Barack H.",democrat,1573354
1988,Minnesota,"Bush, George H.W.",republican,962337
1992,Minnesota,"Bush, George H.W.",republican,747841
2000,Minnesota,"Bush, George W.",republican,1109659
2004,Minnesota,"Bush, George W.",republican,1346695
1996,Minnesota,"Dole, Robert",republican,766395
1976,Minnesota,"Ford, Gerald",republican,819395
2008,Minnesota,"McCain, John",republican,1275409
1980,Minnesota,"Reagan, Ronald",republican,873268
1984,Minnesota,"Reagan, Ronald",republican,1032603
2012,Minnesota,"Romney, Mitt",republican,1320225
2016,Minnesota,"Trump, Donald J.",republican,1322949
1976,Mississippi,"Carter, Jimmy",democrat,381329
1980,Mississippi,"Carter, Jimmy",democrat,429281
1992,Mississippi,"Clinton, Bill",democrat,400258
1996,Mississippi,"Clinton, Bill",democrat,394022
2016,Mississippi,"Clinton, Hillary",democrat,485131
1988,Mississippi,"Dukakis, Michael",democrat,363921
2000,Mississippi,"Gore, Al",democrat,404614
2004,Mississippi,"Kerry, John",democrat,457766
1984,Mississippi,"Mondale, Walter",democrat,352192
2008,Mississippi,"Obama, Barack H.",democrat,554662
2012,Mississippi,"Obama, Barack H.",democrat,562949
1988,Mississippi,"Bush, George H.W.",republican,557890
1992,Mississippi,"Bush, George H.W.",republican,487793
2000,Mississippi,"Bush, George W.",republican,572844
2004,Mississippi,"Bush, George W.",republican,672660
1996,Mississippi,"Dole, Robert",republican,439838
1976,Mississippi,"Ford, Gerald",republican,366846
2008,Mississippi,"McCain, John",republican,724597
1980,Mississippi,"Reagan, Ronald",republican,441089
1984,Mississippi,"Reagan, Ronald",republican,582377
2012,Mississippi,"Romney, Mitt",republican,710746
2016,Mississippi,"Trump, Donald J.",republican,700714
1976,Missouri,"Carter, Jimmy",democrat,998387
1980,Missouri,"Carter, Jimmy",democrat,931182
1992,Missouri,"Clinton, Bill",democrat,1053873
1996,Missouri,"Clinton, Bill",democrat,1025935
2016,Missouri,"Clinton, Hillary",democrat,1071068
1988,Missouri,"Dukakis, Michael",democrat,1001619
2000,Missouri,"Gore, Al",democrat,1111138
2004,Missouri,"Kerry, John",democrat,1259171
1984,Missouri,"Mondale, Walter",democrat,848583
2008,Missouri,"Obama, Barack H.",democrat,1441911
2012,Missouri,"Obama, Barack H.",democrat,1223796
1988,Missouri,"Bush, George H.W.",republican,1084953
1992,Missouri,"Bush, George H.W.",republican,811159
2000,Missouri,"Bush, George W.",republican,1189924
2004,Missouri,"Bush, George W.",republican,1455713
1996,Missouri,"Dole, Robert",republican,890016
1976,Missouri,"Ford, Gerald",republican,927443
2008,Missouri,"McCain, John",republican,1445814
1980,Missouri,"Reagan, Ronald",republican,1074181
1984,Missouri,"Reagan, Ronald",republican,1274188
2012,Missouri,"Romney, Mitt",republican,1482440
2016,Missouri,"Trump, Donald J.",republican,1594511
1976,Montana,"Carter, Jimmy",democrat,149259
1980,Montana,"Carter, Jimmy",democrat,118032
1992,Montana,"Clinton, Bill",democrat,154507
1996,Montana,"Clinton, Bill",democrat,167922
2016,Montana,"Clinton, Hillary",democrat,177709
1988,Montana,"Dukakis, Michael",democrat,168936
2000,Montana,"Gore, Al",democrat,137126
2004,Montana,"Kerry, John",democrat,173710
1984,Montana,"Mondale, Walter",democrat,146742
2008,Montana,"Obama, Barack H.",democrat,231667
2012,Montana,"Obama, Barack H.",democrat,201839
1988,Montana,"Bush, George H.W.",republican,190412
1992,Montana,"Bush, George H.W.",republican,144207
2000,Montana,"Bush, George W.",republican,240178
2004,Montana,"Bush, George W.",republican,266063
1996,Montana,"Dole, Robert",republican,179652
1976,Montana,"Ford, Gerald",republican,173703
2008,Montana,"McCain, John",republican,242763
1980,Montana,"Reagan, Ronald",republican,206814
1984,Montana,"Reagan, Ronald",republican,232450
2012,Montana,"Romney, Mitt",republican,267928
2016,Montana,"Trump, Donald J.",republican,279240
1976,Nebraska,"Carter, Jimmy",democrat,233293
1980,Nebraska,"Carter, Jimmy",democrat,166424
1992,Nebraska,"Clinton, Bill",democrat,216864
1996,Nebraska,"Clinton, Bill",democrat,236761
2016,Nebraska,"Clinton, Hillary",democrat,284494
1988,Nebraska,"Dukakis, Michael",democrat,259235
2000,Nebraska,"Gore, Al",democrat,231780
2004,Nebraska,"Kerry, John",democrat,254328
1984,Nebraska,"Mondale, Walter",democrat,187866
2008,Nebraska,"Obama, Barack H.",democrat,333319
2012,Nebraska,"Obama, Barack H.",democrat,302081
1988,Nebraska,"Bush, George H.W.",republican,397956
1992,Nebraska,"Bush, George H.W.",republican,343678
2000,Nebraska,"Bush, George W.",republican,433862
2004,Nebraska,"Bush, George W.",republican,512814
1996,Nebraska,"Dole, Robert",republican,363467
1976,Nebraska,"Ford, Gerald",republican,359219
2008,Nebraska,"McCain, John",republican,452979
1980,Nebraska,"Reagan, Ronald",republican,419214
1984,Nebraska,"Reagan, Ronald",republican,460054
2012,Nebraska,"Romney, Mitt",republican,475064
2016,Nebraska,"Trump, Donald J.",republican,495961
1976,Nevada,"Carter, Jimmy",democrat,92479
1980,Nevada,"Carter, Jimmy",democrat,66666
1992,Nevada,"Clinton, Bill",democrat,189148
1996,Nevada,"Clinton, Bill",democrat,203974
2016,Nevada,"Clinton, Hillary",democrat,539260
1988,Nevada,"Dukakis, Michael",democrat,132738
2000,Nevada,"Gore, Al",democrat,279978
2004,Nevada,"Kerry, John",democrat,397190
1984,Nevada,"Mondale, Walter",democrat,91655
2008,Nevada,"Obama, Barack H.",democrat,533736
2012,Nevada,"Obama, Barack H.",democrat,531373
1988,Nevada,"Bush, George H.W.",republican,206040
1992,Nevada,"Bush, George H.W.",republican,175828
2000,Nevada,"Bush, George W.",republican,301575
2004,Nevada,"Bush, George W.",republican,418690
1996,Nevada,"Dole, Robert",republican,199244
1976,Nevada,"Ford, Gerald",republican,101273
2008,Nevada,"McCain, John",republican,412827
1980,Nevada,"Reagan, Ronald",republican,155017
1984,Nevada,"Reagan, Ronald",republican,188770
2012,Nevada,"Romney, Mitt",republican,463567
2016,Nevada,"Trump, Donald J.",republican,512058
1976,New Hampshire,"Carter, Jimmy",democrat,147645
1980,New Hampshire,"Carter, Jimmy",democrat,108864
1992,New Hampshire,"Clinton, Bill",democrat,209040
1996,New Hampshire,"Clinton, Bill",democrat,246166
2016,New Hampshire,"Clinton, Hillary",democrat,348526
1988,New Hampshire,"Dukakis, Michael",democrat,163696
2000,New Hampshire,"Gore, Al",democrat,266348
2004,New Hampshire,"Kerry, John",democrat,340511
1984,New Hampshire,"Mondale, Walter",democrat,120347
2008,New Hampshire,"Obama, Barack H.",democrat,384826
2012,New Hampshire,"Obama, Barack H.",democrat,369561
1988,New Hampshire,"Bush, George H.W.",republican,281537
1992,New Hampshire,"Bush, George H.W.",republican,202484
2000,New Hampshire,"Bush, George W.",republican,273559
2004,New Hampshire,"Bush, George W.",republican,331237
1996,New Hampshire,"Dole, Robert",republican,196486
1976,New Hampshire,"Ford, Gerald",republican,185935
2008,New Hampshire,"McCain, John",republican,316534
1980,New Hampshire,"Reagan, Ronald",republican,221705
1984,New Hampshire,"Reagan, Ronald",republican,267050
2012,New Hampshire,"Romney, Mitt",republican,329918
2016,New Hampshire,"Trump, Donald J.",republican,345790
1976,New Jersey,"Carter, Jimmy",democrat,1444653
1980,New Jersey,"Carter, Jimmy",democrat,1147364
1992,New Jersey,"Clinton, Bill",democrat,1436206
1996,New Jersey,"Clinton, Bill",democrat,1652361
2016,New Jersey,"Clinton, Hillary",democrat,2148278
1988,New Jersey,"Dukakis, Michael",democrat,1320352
2000,New Jersey,"Gore, Al",democrat,1788850
2004,New Jersey,"Kerry, John",democrat,1911430
1984,New Jersey,"Mondale, Walter",democrat,1261323
2008,New Jersey,"Obama, Barack H.",democrat,2215422
2012,New Jersey,"Obama, Barack H.",democrat,2122786
1988,New Jersey,"Bush, George H.W.",republican,1743192
1992,New Jersey,"Bush, George H.W.",republican,1356865
2000,New Jersey,"Bush, George W.",republican,1284173
2004,New Jersey,"Bush, George W.",republican,1670003
1996,New Jersey,"Dole, Robert",republican,1103099
1976,New Jersey,"Ford, Gerald",republican,1509688
2008,New Jersey,"McCain, John",republican,1613207
1980,New Jersey,"Reagan, Ronald",republican,1546557
1984,New Jersey,"Reagan, Ronald",republican,1933630
2012,New Jersey,"Romney, Mitt",republican,1478088
2016,New Jersey,"Trump, Donald J.",republican,1601933
1976,New Mexico,"Carter, Jimmy",democrat,201148
1980,New Mexico,"Carter, Jimmy",democrat,167826
1992,New Mexico,"Clinton, Bill",democrat,261617
1996,New Mexico,"Clinton, Bill",democrat,273495
2016,New Mexico,"Clinton, Hillary",democrat,385234
1988,New Mexico,"Dukakis, Michael",democrat,244497
2000,New Mexico,"Gore, Al",democrat,286783
2004,New Mexico,"Kerry, John",democrat,370942
1984,New Mexico,"Mondale, Walter",democrat,201769
2008,New Mexico,"Obama, Barack H.",democrat,472422
2012,New Mexico,"Obama, Barack H.",democrat,415335
1988,New Mexico,"Bush, George H.W.",republican,270341
1992,New Mexico,"Bush, George H.W.",republican,212824
2000,New Mexico,"Bush, George W.",republican,286417
2004,New Mexico,"Bush, George W.",republican,376930
1996,New Mexico,"Dole, Robert",republican,232751
1976,New Mexico,"Ford, Gerald",republican,211419
2008,New Mexico,"McCain, John",republican,346832
1980,New Mexico,"Reagan, Ronald",republican,250779
1984,New Mexico,"Reagan, Ronald",republican,307101
2012,New Mexico,"Romney, Mitt",republican,335788
2016,New Mexico,"Trump, Donald J.",republican,319667
1976,New York,"Carter, Jimmy",democrat,3244165
1980,New York,"Carter, Jimmy",democrat,2728372
1992,New York,"Clinton, Bill",democrat,3346894
1996,New York,"Clinton, Bill",democrat,3649630
2016,New York,"Clinton, Hillary",democrat,4379789
1988,New York,"Dukakis, Michael",democrat,3255487
2000,New York,"Gore, Al",democrat,3942215
2004,New York,"Kerry, John",democrat,4180755
1984,New York,"Mondale, Walter",democrat,3001285
2008,New York,"Obama, Barack H.",democrat,4645332
2012,New York,"Obama, Barack H.",democrat,4324228
1988,New York,"Bush, George H.W.",republican,2838414
1992,New York,"Bush, George H.W.",republican,2041690
2000,New York,"Bush, George W.",republican,2258577
2004,New York,"Bush, George W.",republican,2806993
1996,New York,"Dole, Robert",republican,1738707
1976,New York,"Ford, Gerald",republican,2825913
2008,New York,"McCain, John",republican,2418323
1980,New York,"Reagan, Ronald",republican,2637700
1984,New York,"Reagan, Ronald",republican,3376519
2012,New York,"Romney, Mitt",republican,2223397
2016,New York,"Trump, Donald J.",republican,2527142
1976,North Carolina,"Carter, Jimmy",democrat,927365
1980,North Carolina,"Carter, Jimmy",democrat,875635
1992,North Carolina,"Clinton, Bill",democrat,1114042
1996,North Carolina,"Clinton, Bill",democrat,1107849
2016,North Carolina,"Clinton, Hillary",democrat,2189316
1988,North Carolina,"Dukakis, Michael",democrat,890167
2000,North Carolina,"Gore, Al",democrat,1257692
2004,North Carolina,"Kerry, John",democrat,1525849
1984,North Carolina,"Mondale, Walter",democrat,824287
2008,North Carolina,"Obama, Barack H.",democrat,2142651
2012,North Carolina,"Obama, Barack H.",democrat,2178391
1988,North Carolina,"Bush, George H.W.",republican,1237258
1992,North Carolina,"Bush, George H.W.",republican,1134661
2000,North Carolina,"Bush, George W.",republican,1631163
2004,North Carolina,"Bush, George W.",republican,1961166
1996,North Carolina,"Dole, Robert",republican,1225938
1976,North Carolina,"Ford, Gerald",republican,741960
2008,North Carolina,"McCain, John",republican,2128474
1980,North Carolina,"Reagan, Ronald",republican,915018
1984,North Carolina,"Reagan, Ronald",republican,1346481
2012,North Carolina,"Romney, Mitt",republican,2270395
2016,North Carolina,"Trump, Donald J.",republican,2362631
1976,North Dakota,"Carter, Jimmy",democrat,136078
1980,North Dakota,"Carter, Jimmy",democrat,79189
1992,North Dakota,"Clinton, Bill",democrat,99168
1996,North Dakota,"Clinton, Bill",democrat,106905
2016,North Dakota,"Clinton, Hillary",democrat,93758
1988,North Dakota,"Dukakis, Michael",democrat,127739
2000,North Dakota,"Gore, Al",democrat,95284
2004,North Dakota,"Kerry, John",democrat,111052
1984,North Dakota,"Mondale, Walter",democrat,104429
2008,North Dakota,"Obama, Barack H.",democrat,141278
2012,North Dakota,"Obama, Barack H.",democrat,124966
1988,North Dakota,"Bush, George H.W.",republican,166559
1992,North Dakota,"Bush, George H.W.",republican,136244
2000,North Dakota,"Bush, George W.",republican,174852
2004,North Dakota,"Bush, George W.",republican,196651
1996,North Dakota,"Dole, Robert",republican,125050
1976,North Dakota,"Ford, Gerald",republican,153684
2008,North Dakota,"McCain, John",republican,168601
1980,North Dakota,"Reagan, Ronald",republican,193695
1984,North Dakota,"Reagan, Ronald",republican,200336
2012,North Dakota,"Romney, Mitt",republican,188320
2016,North Dakota,"Trump, Donald J.",republican,216794
1976,Ohio,"Carter, Jimmy",democrat,2009959
1980,Ohio,"Carter, Jimmy",democrat,1752414
1992,Ohio,"Clinton, Bill",democrat,1984942
1996,Ohio,"Clinton, Bill",democrat,2148222
2016,Ohio,"Clinton, Hillary",democrat,2394164
1988,Ohio,"Dukakis, Michael",democrat,1939629
2000,Ohio,"Gore, Al",democrat,2183628
2004,Ohio,"Kerry, John",democrat,2741165
1984,Ohio,"Mondale, Walter",democrat,1825440
2008,Ohio,"Obama, Barack H.",democrat,2940044
2012,Ohio,"Obama, Barack H.",democrat,2827621
1988,Ohio,"Bush, George H.W.",republican,2416549
1992,Ohio,"Bush, George H.W.",republican,1894310
2000,Ohio,"Bush, George W.",republican,2350363
2004,Ohio,"Bush, George W.",republican,2859764
1996,Ohio,"Dole, Robert",republican,1859883
1976,Ohio,"Ford, Gerald",republican,2000626
2008,Ohio,"McCain, John",republican,2677820
1980,Ohio,"Reagan, Ronald",republican,2206545
1984,Ohio,"Reagan, Ronald",republican,2678559
2012,Ohio,"Romney, Mitt",republican,2661407
2016,Ohio,"Trump, Donald J.",republican,2841005
1976,Oklahoma,"Carter, Jimmy",democrat,532442
1980,Oklahoma,"Carter, Jimmy",democrat,402026
1992,Oklahoma,"Clinton, Bill",democrat,473066
1996,Oklahoma,"Clinton, Bill",democrat,488105
2016,Oklahoma,"Clinton, Hillary",democrat,420375
1988,Oklahoma,"Dukakis, Michael",democrat,483423
2000,Oklahoma,"Gore, Al",democrat,474276
2004,Oklahoma,"Kerry, John",democrat,503966
1984,Oklahoma,"Mondale, Walter",democrat,385080
2008,Oklahoma,"Obama, Barack H.",democrat,502496
2012,Oklahoma,"Obama, Barack H.",democrat,443547
1988,Oklahoma,"Bush, George H.W.",republican,678367
1992,Oklahoma,"Bush, George H.W.",republican,592929
2000,Oklahoma,"Bush, George W.",republican,744337
2004,Oklahoma,"Bush, George W.",republican,959792
1996,Oklahoma,"Dole, Robert",republican,582315
1976,Oklahoma,"Ford, Gerald",republican,545708
2008,Oklahoma,"McCain, John",republican,960165
1980,Oklahoma,"Reagan, Ronald",republican,695570
1984,Oklahoma,"Reagan, Ronald",republican,861530
2012,Oklahoma,"Romney, Mitt",republican,891325
2016,Oklahoma,"Trump, Donald J.",republican,949136
1976,Oregon,"Carter, Jimmy",democrat,490407
1980,Oregon,"Carter, Jimmy",democrat,456890
1992,Oregon,"Clinton, Bill",democrat,621314
1996,Oregon,"Clinton, Bill",democrat,649641
2016,Oregon,"Clinton, Hillary",democrat,1002106
1988,Oregon,"Dukakis, Michael",democrat,616206
2000,Oregon,"Gore, Al",democrat,720342
2004,Oregon,"Kerry, John",democrat,943163
1984,Oregon,"Mondale, Walter",democrat,536479
2008,Oregon,"Obama, Barack H.",democrat,1037291
2012,Oregon,"Obama, Barack H.",democrat,970488
1988,Oregon,"Bush, George H.W.",republican,560126
1992,Oregon,"Bush, George H.W.",republican,475757
2000,Oregon,"Bush, George W.",republican,713577
2004,Oregon,"Bush, George W.",republican,866831
1996,Oregon,"Dole, Robert",republican,538152
1976,Oregon,"Ford, Gerald",republican,492120
2008,Oregon,"McCain, John",republican,738475
1980,Oregon,"Reagan, Ronald",republican,571044
1984,Oregon,"Reagan, Ronald",republican,685700
2012,Oregon,"Romney, Mitt",republican,754175
2016,Oregon,"Trump, Donald J.",republican,782403
1976,Pennsylvania,"Carter, Jimmy",democrat,2328677
1980,Pennsylvania,"Carter, Jimmy",democrat,1937540
1992,Pennsylvania,"Clinton, Bill",democrat,2239164
1996,Pennsylvania,"Clinton, Bill",democrat,2215819
2016,Pennsylvania,"Clinton, Hillary",democrat,2926441
1988,Pennsylvania,"Dukakis, Michael",democrat,2194944
2000,Pennsylvania,"Gore, Al",democrat,2485967
2004,Pennsylvania,"Kerry, John",democrat,2938095
1984,Pennsylvania,"Mondale, Walter",democrat,2228131
2008,Pennsylvania,"Obama, Barack H.",democrat,3276363
2012,Pennsylvania,"Obama, Barack H.",democrat,2990274
1988,Pennsylvania,"Bush, George H.W.",republican,2300087
1992,Pennsylvania,"Bush, George H.W.",republican,1791841
2000,Pennsylvania,"Bush, George W.",republican,2281127
2004,Pennsylvania,"Bush, George W.",republican,2793847
1996,Pennsylvania,"Dole, Robert",republican,1801169
1976,Pennsylvania,"Ford, Gerald",republican,2205604
2008,Pennsylvania,"McCain, John",republican,2655885
1980,Pennsylvania,"Reagan, Ronald",republican,2261872
1984,Pennsylvania,"Reagan, Ronald",republican,2584323
2012,Pennsylvania,"Romney, Mitt",republican,2680434
2016,Pennsylvania,"Trump, Donald J.",republican,2970733
1976,Rhode Island,"Carter, Jimmy",democrat,227636
1980,Rhode Island,"Carter, Jimmy",democrat,198342
1992,Rhode Island,"Clinton, Bill",democrat,213299
1996,Rhode Island,"Clinton, Bill",democrat,233050
2016,Rhode Island,"Clinton, Hillary",democrat,252525
1988,Rhode Island,"Dukakis, Michael",democrat,225123
2000,Rhode Island,"Gore, Al",democrat,249508
2004,Rhode Island,"Kerry, John",democrat,259760
1984,Rhode Island,"Mondale, Walter",democrat,197106
2008,Rhode Island,"Obama, Barack H.",democrat,296571
2012,Rhode Island,"Obama, Barack H.",democrat,279677
1988,Rhode Island,"Bush, George H.W.",republican,177761
1992,Rhode Island,"Bush, George H.W.",republican,131601
2000,Rhode Island,"Bush, George W.",republican,130555
2004,Rhode Island,"Bush, George W.",republican,169046
1996,Rhode Island,"Dole, Robert",republican,104683
1976,Rhode Island,"Ford, Gerald",republican,181249
2008,Rhode Island,"McCain, John",republican,165391
1980,Rhode Island,"Reagan, Ronald",republican,154793
1984,Rhode Island,"Reagan, Ronald",republican,212080
2012,Rhode Island,"Romney, Mitt",republican,157204
2016,Rhode Island,"Trump, Donald J.",republican,180543
1976,South Carolina,"Carter, Jimmy",democrat,450807
1980,South Carolina,"Carter, Jimmy",democrat,428220
1992,South Carolina,"Clinton, Bill",democrat,525514
1996,South Carolina,"Clinton, Bill",democrat,506152
2016,South Carolina,"Clinton, Hillary",democrat,855373
1988,South Carolina,"Dukakis, Michael",democrat,370554
2000,South Carolina,"Gore, Al",democrat,566037
2004,South Carolina,"Kerry, John",democrat,661669
1984,South Carolina,"Mondale, Walter",democrat,344459
2008,South Carolina,"Obama, Barack H.",democrat,862449
2012,South Carolina,"Obama, Barack H.",democrat,865941
1988,South Carolina,"Bush, George H.W.",republican,606443
1992,South Carolina,"Bush, George H.W.",republican,577507
2000,South Carolina,"Bush, George W.",republican,786892
2004,South Carolina,"Bush, George W.",republican,937974
1996,South Carolina,"Dole, Robert",republican,573339
1976,South Carolina,"Ford, Gerald",republican,346149
2008,South Carolina,"McCain, John",republican,1034896
1980,South Carolina,"Reagan, Ronald",republican,439277
1984,South Carolina,"Reagan, Ronald",republican,615539
2012,South Carolina,"Romney, Mitt",republican,1071645
2016,South Carolina,"Trump, Donald J.",republican,1155389
1976,South Dakota,"Carter, Jimmy",democrat,147068
1980,South Dakota,"Carter, Jimmy",democrat,103855
1992,South Dakota,"Clinton, Bill",democrat,124888
1996,South Dakota,"Clinton, Bill",democrat,139333
2016,South Dakota,"Clinton, Hillary",democrat,117458
1988,South Dakota,"Dukakis, Michael",democrat,145560
2000,South Dakota,"Gore, Al",democrat,118804
2004,South Dakota,"Kerry, John",democrat,149244
1984,South Dakota,"Mondale, Walter",democrat,116113
2008,South Dakota,"Obama, Barack H.",democrat,170924
2012,South Dakota,"Obama, Barack H.",democrat,145039
1988,South Dakota,"Bush, George H.W.",republican,165415
1992,South Dakota,"Bush, George H.W.",republican,136718
2000,South Dakota,"Bush, George W.",republican,190700
2004,South Dakota,"Bush, George W.",republican,232584
1996,South Dakota,"Dole, Robert",republican,150543
1976,South Dakota,"Ford, Gerald",republican,151505
2008,South Dakota,"McCain, John",republican,203054
1980,South Dakota,"Reagan, Ronald",republican,198343
1984,South Dakota,"Reagan, Ronald",republican,200267
2012,South Dakota,"Romney, Mitt",republican,210610
2016,South Dakota,"Trump, Donald J.",republican,227721
1976,Tennessee,"Carter, Jimmy",democrat,825879
1980,Tennessee,"Carter, Jimmy",democrat,783051
1992,Tennessee,"Clinton, Bill",democrat,933521
1996,Tennessee,"Clinton, Bill",democrat,909146
2016,Tennessee,"Clinton, Hillary",democrat,870695
1988,Tennessee,"Dukakis, Michael",democrat,679794
2000,Tennessee,"Gore, Al",democrat,981720
2004,Tennessee,"Kerry, John",democrat,1036477
1984,Tennessee,"Mondale, Walter",democrat,711714
2008,Tennessee,"Obama, Barack H.",democrat,1087437
2012,Tennessee,"Obama, Barack H.",democrat,960709
1988,Tennessee,"Bush, George H.W.",republican,947233
1992,Tennessee,"Bush, George H.W.",republican,841300
2000,Tennessee,"Bush, George W.",republican,1061949
2004,Tennessee,"Bush, George W.",republican,1384375
1996,Tennessee,"Dole, Robert",republican,863530
1976,Tennessee,"Ford, Gerald",republican,633969
2008,Tennessee,"McCain, John",republican,1479178
1980,Tennessee,"Reagan, Ronald",republican,787761
1984,Tennessee,"Reagan, Ronald",republican,990212
2012,Tennessee,"Romney, Mitt",republican,1462330
2016,Tennessee,"Trump, Donald J.",republican,1522925
1976,Texas,"Carter, Jimmy",democrat,2082319
1980,Texas,"Carter, Jimmy",democrat,1881147
1992,Texas,"Clinton, Bill",democrat,2281815
1996,Texas,"Clinton, Bill",democrat,2459683
2016,Texas,"Clinton, Hillary",democrat,3877868
1988,Texas,"Dukakis, Michael",democrat,2352748
2000,Texas,"Gore, Al",democrat,2433746
2004,Texas,"Kerry, John",democrat,2832704
1984,Texas,"Mondale, Walter",democrat,1949276
2008,Texas,"Obama, Barack H.",democrat,3528633
2012,Texas,"Obama, Barack H.",democrat,3308124
1988,Texas,"Bush, George H.W.",republican,3036829
1992,Texas,"Bush, George H.W.",republican,2496071
2000,Texas,"Bush, George W.",republican,3799639
2004,Texas,"Bush, George W.",republican,4526917
1996,Texas,"Dole, Robert",republican,2736167
1976,Texas,"Ford, Gerald",republican,1953300
2008,Texas,"McCain, John",republican,4479328
1980,Texas,"Reagan, Ronald",republican,2510705
1984,Texas,"Reagan, Ronald",republican,3433428
2012,Texas,"Romney, Mitt",republican,4569843
2016,Texas,"Trump, Donald J.",republican,4685047
1976,Utah,"Carter, Jimmy",democrat,182110
1980,Utah,"Carter, Jimmy",democrat,124266
1992,Utah,"Clinton, Bill",democrat,183429
1996,Utah,"Clinton, Bill",democrat,221633
2016,Utah,"Clinton, Hillary",democrat,310674
1988,Utah,"Dukakis, Michael",democrat,207343
2000,Utah,"Gore, Al",democrat,203053
2004,Utah,"Kerry, John",democrat,241199
1984,Utah,"Mondale, Walter",democrat,155369
2008,Utah,"Obama, Barack H.",democrat,327670
2012,Utah,"Obama, Barack H.",democrat,251813
1988,Utah,"Bush, George H.W.",republican,428442
1992,Utah,"Bush, George H.W.",republican,322632
2000,Utah,"Bush, George W.",republican,515096
2004,Utah,"Bush, George W.",republican,663742
1996,Utah,"Dole, Robert",republican,361911
1976,Utah,"Ford, Gerald",republican,337908
2008,Utah,"McCain, John",republican,596030
1980,Utah,"Reagan, Ronald",republican,439687
1984,Utah,"Reagan, Ronald",republican,469105
2012,Utah,"Romney, Mitt",republican,740600
2016,Utah,"Trump, Donald J.",republican,515211
1976,Vermont,"Carter, Jimmy",democrat,77798
1980,Vermont,"Carter, Jimmy",democrat,81952
1992,Vermont,"Clinton, Bill",democrat,133592
1996,Vermont,"Clinton, Bill",democrat,137894
2016,Vermont,"Clinton, Hillary",democrat,178573
1988,Vermont,"Dukakis, Michael",democrat,115775
2000,Vermont,"Gore, Al",democrat,149022
2004,Vermont,"Kerry, John",democrat,184067
1984,Vermont,"Mondale, Walter",democrat,95730
2008,Vermont,"Obama, Barack H.",democrat,219262
2012,Vermont,"Obama, Barack H.",democrat,199239
1988,Vermont,"Bush, George H.W.",republican,124331
1992,Vermont,"Bush, George H.W.",republican,88122
2000,Vermont,"Bush, George W.",republican,119775
2004,Vermont,"Bush, George W.",republican,121180
1996,Vermont,"Dole, Robert",republican,80352
1976,Vermont,"Ford, Gerald",republican,100387
2008,Vermont,"McCain, John",republican,98974
1980,Vermont,"Reagan, Ronald",republican,94628
1984,Vermont,"Reagan, Ronald",republican,135865
2012,Vermont,"Romney, Mitt",republican,92698
2016,Vermont,"Trump, Donald J.",republican,95369
1976,Virginia,"Carter, Jimmy",democrat,813896
1980,Virginia,"Carter, Jimmy",democrat,752174
1992,Virginia,"Clinton, Bill",democrat,1038650
1996,Virginia,"Clinton, Bill",democrat,1091060
2016,Virginia,"Clinton, Hillary",democrat,1981473
1988,Virginia,"Dukakis, Michael",democrat,859799
2000,Virginia,"Gore, Al",democrat,1217290
2004,Virginia,"Kerry, John",democrat,1454742
1984,Virginia,"Mondale, Walter",democrat,796250
2008,Virginia,"Obama, Barack H.",democrat,1959532
2012,Virginia,"Obama, Barack H.",democrat,1971820
1988,Virginia,"Bush, George H.W.",republican,1309162
1992,Virginia,"Bush, George H.W.",republican,1150517
2000,Virginia,"Bush, George W.",republican,1437490
2004,Virginia,"Bush, George W.",republican,1716959
1996,Virginia,"Dole, Robert",republican,1138350
1976,Virginia,"Ford, Gerald",republican,836554
2008,Virginia,"McCain, John",republican,1725005
1980,Virginia,"Reagan, Ronald",republican,989609
1984,Virginia,"Reagan, Ronald",republican,1337078
2012,Virginia,"Romney, Mitt",republican,1822522
2016,Virginia,"Trump, Donald J.",republican,1769443
1976,Washington,"Carter, Jimmy",democrat,717323
1980,Washington,"Carter, Jimmy",democrat,650193
1992,Washington,"Clinton, Bill",democrat,993037
1996,Washington,"Clinton, Bill",democrat,1123323
2016,Washington,"Clinton, Hillary",democrat,1742718
1988,Washington,"Dukakis, Michael",democrat,933516
2000,Washington,"Gore, Al",democrat,1247652
2004,Washington,"Kerry, John",democrat,1510201
1984,Washington,"Mondale, Walter",democrat,798352
2008,Washington,"Obama, Barack H.",democrat,1750848
2012,Washington,"Obama, Barack H.",democrat,1755396
1988,Washington,"Bush, George H.W.",republican,903835
1992,Washington,"Bush, George H.W.",republican,731234
2000,Washington,"Bush, George W.",republican,1108864
2004,Washington,"Bush, George W.",republican,1304894
1996,Washington,"Dole, Robert",republican,840712
1976,Washington,"Ford, Gerald",republican,777732
2008,Washington,"McCain, John",republican,1229216
2012,Washington,"Mitt, Romney",republican,1290670
1980,Washington,"Reagan, Ronald",republican,865244
1984,Washington,"Reagan, Ronald",republican,1051670
2016,Washington,"Trump, Donald J.",republican,1221747
1976,West Virginia,"Carter, Jimmy",democrat,435864
1980,West Virginia,"Carter, Jimmy",democrat,367462
1992,West Virginia,"Clinton, Bill",democrat,331001
1996,West Virginia,"Clinton, Bill",democrat,327812
2016,West Virginia,"Clinton, Hillary",democrat,188794
1988,West Virginia,"Dukakis, Michael",democrat,341016
2000,West Virginia,"Gore, Al",democrat,295497
2004,West Virginia,"Kerry, John",democrat,326541
1984,West Virginia,"Mondale, Walter",democrat,328125
2008,West Virginia,"Obama, Barack H.",democrat,303857
2012,West Virginia,"Obama, Barack H.",democrat,238269
1988,West Virginia,"Bush, George H.W.",republican,310065
1992,West Virginia,"Bush, George H.W.",republican,241974
2000,West Virginia,"Bush, George W.",republican,336475
2004,West Virginia,"Bush, George W.",republican,423778
1996,West Virginia,"Dole, Robert",republican,233946
1976,West Virginia,"Ford, Gerald",republican,314726
2008,West Virginia,"McCain, John",republican,397466
1980,West Virginia,"Reagan, Ronald",republican,334206
1984,West Virginia,"Reagan, Ronald",republican,405483
2012,West Virginia,"Romney, Mitt",republican,417655
2016,West Virginia,"Trump, Donald J.",republican,489371
1976,Wisconsin,"Carter, Jimmy",democrat,1040232
1980,Wisconsin,"Carter, Jimmy",democrat,981584
1992,Wisconsin,"Clinton, Bill",democrat,1041066
1996,Wisconsin,"Clinton, Bill",democrat,1071971
2016,Wisconsin,"Clinton, Hillary",democrat,1382536
1988,Wisconsin,"Dukakis, Michael",democrat,1126794
2000,Wisconsin,"Gore, Al",democrat,1242987
2004,Wisconsin,"Kerry, John",democrat,1489504
1984,Wisconsin,"Mondale, Walter",democrat,995740
2008,Wisconsin,"Obama, Barack H.",democrat,1677211
2012,Wisconsin,"Obama, Barack H.",democrat,1620985
1988,Wisconsin,"Bush, George H.W.",republican,1047499
1992,Wisconsin,"Bush, George H.W.",republican,930855
2000,Wisconsin,"Bush, George W.",republican,1237279
2004,Wisconsin,"Bush, George W.",republican,1478120
1996,Wisconsin,"Dole, Robert",republican,845029
1976,Wisconsin,"Ford, Gerald",republican,1004987
2008,Wisconsin,"McCain, John",republican,1262393
1980,Wisconsin,"Reagan, Ronald",republican,1088845
1984,Wisconsin,"Reagan, Ronald",republican,1198584
2012,Wisconsin,"Romney, Mitt",republican,1410966
2016,Wisconsin,"Trump, Donald J.",republican,1405284
1976,Wyoming,"Carter, Jimmy",democrat,62239
1980,Wyoming,"Carter, Jimmy",democrat,49427
1992,Wyoming,"Clinton, Bill",democrat,68160
1996,Wyoming,"Clinton, Bill",democrat,77934
2016,Wyoming,"Clinton, Hillary",democrat,55973
1988,Wyoming,"Dukakis, Michael",democrat,67113
2000,Wyoming,"Gore, Al",democrat,60481
2004,Wyoming,"Kerry, John",democrat,70776
1984,Wyoming,"Mondale, Walter",democrat,53370
2008,Wyoming,"Obama, Barack H.",democrat,82868
2012,Wyoming,"Obama, Barack H.",democrat,69286
1988,Wyoming,"Bush, George H.W.",republican,106867
1992,Wyoming,"Bush, George H.W.",republican,79347
2000,Wyoming,"Bush, George W.",republican,147947
2004,Wyoming,"Bush, George W.",republican,167629
1996,Wyoming,"Dole, Robert",republican,105388
1976,Wyoming,"Ford, Gerald",republican,92717
2008,Wyoming,"McCain, John",republican,164958
1980,Wyoming,"Reagan, Ronald",republican,110700
1984,Wyoming,"Reagan, Ronald",republican,133241
2012,Wyoming,"Romney, Mitt",republican,170962
2016,Wyoming,"Trump, Donald J.",republican,174419
